,time,left_pwm,right_pwm,left_pressure,right_pressure,left_flex,right_flex,base_pos_x,base_pos_y,tip_pos_x,tip_pos_y,scaled_voltage
0,0.0,0.0,0.0,101.0,111.0,664.0,657.0,357.123977141326,333.57744181349574,361.2868803886808,488.9790420379193,3.2421875
1,0.030029296875,0.0,0.0,102.0,111.0,666.0,656.0,357.27926116763496,333.52986034598337,361.2868803886808,488.9790420379193,3.251953125
2,0.06005859375,0.0,0.0,100.0,110.0,669.0,655.0,357.2096160841999,333.59417007773385,361.2868803886808,488.9790420379193,3.2666015625
3,0.09002685546875,0.0,0.0,101.0,111.0,664.0,656.0,357.1954647026613,333.6153705816348,361.2868803886808,488.9790420379193,3.2421875
4,0.12005615234375,140.0,140.0,101.0,111.0,668.0,658.0,357.1669837201008,333.5656166526146,362.90194293519374,489.68678139009785,3.26171875
5,0.1500244140625,140.0,140.0,107.0,115.0,666.0,658.0,357.24787023683393,333.48157673957616,369.8614947131426,490.77403010497926,3.251953125
6,0.1800537109375,140.0,140.0,111.0,118.0,661.0,655.0,357.142240670955,333.595842832838,381.4425077830772,491.44407951168296,3.2275390625
7,0.22003173828125,140.0,140.0,116.0,122.0,652.0,647.0,357.26586578204865,333.5500037437054,391.2045222812588,490.7890548998714,3.18359375
8,0.25,140.0,140.0,122.0,125.0,623.0,625.0,357.24334311727637,333.5564392933307,393.4931496100336,490.7712876623259,3.0419921875
9,0.280029296875,140.0,140.0,124.0,128.0,604.0,605.0,357.18552672363677,333.49487779647626,393.19024355685605,490.86572490488976,2.94921875
10,0.32000732421875,140.0,140.0,128.0,132.0,594.0,595.0,357.26586578204865,333.5500037437054,396.0251378327418,490.6020967108645,2.900390625
11,0.35003662109375,140.0,140.0,132.0,135.0,586.0,587.0,357.26586578204865,333.5500037437054,403.4215818828931,489.29134237128653,2.861328125
12,0.3800048828125,140.0,140.0,132.0,137.0,578.0,578.0,357.2962208864446,333.4402571978379,408.6661455585873,488.00327315900495,2.822265625
13,0.4200439453125,140.0,140.0,134.0,139.0,565.0,564.0,357.14375223334173,333.5518817801703,408.76657835358526,488.00253846692266,2.7587890625
14,0.45001220703125,140.0,140.0,136.0,141.0,560.0,557.0,357.27741721477327,333.4878513402398,406.5564632366969,488.47012596973144,2.734375
15,0.48004150390625,140.0,140.0,137.0,143.0,561.0,556.0,357.24267037101924,333.53623701560014,408.0148833591939,488.12651859336256,2.7392578125
16,0.510009765625,140.0,140.0,138.0,143.0,563.0,554.0,357.27741721477327,333.4878513402398,411.8689461269452,486.8746124062127,2.7490234375
17,0.550048828125,140.0,140.0,139.0,144.0,554.0,548.0,357.14375223334173,333.5518817801703,416.272235610346,485.81082116909823,2.705078125
18,0.58001708984375,140.0,140.0,138.0,144.0,552.0,543.0,357.1667421572644,333.5227328200936,415.69990657785803,485.8955166689758,2.6953125
19,0.62005615234375,140.0,140.0,139.0,145.0,548.0,538.0,357.22339913831104,333.52062073206815,413.6447602191822,486.7164384021517,2.67578125
20,0.6500244140625,140.0,140.0,140.0,147.0,549.0,541.0,357.14375223334173,333.5518817801703,413.6725399549951,486.60935597678997,2.6806640625
21,0.6800537109375,140.0,140.0,140.0,147.0,552.0,542.0,357.2701379788916,333.4935232426094,416.860731749407,485.4122887399132,2.6953125
22,0.71002197265625,140.0,140.0,142.0,148.0,548.0,538.0,357.29837158632694,333.50264785055845,419.35669883415835,484.45031842043267,2.67578125
23,0.75,140.0,140.0,142.0,147.0,543.0,538.0,357.2201393052052,333.54268107852187,419.13862312715287,484.51890347001864,2.6513671875
24,0.780029296875,140.0,140.0,142.0,149.0,545.0,536.0,357.2996509994432,333.48157528427566,416.9142634515612,485.3411964732653,2.6611328125
25,0.81005859375,140.0,140.0,143.0,149.0,550.0,537.0,357.24267037101924,333.53623701560014,416.9142634515612,485.3411964732653,2.685546875
26,0.85003662109375,140.0,140.0,144.0,150.0,548.0,538.0,357.27741721477327,333.4878513402398,419.3899729116489,484.4225078151565,2.67578125
27,0.8800048828125,140.0,140.0,144.0,150.0,545.0,537.0,357.24267037101924,333.53623701560014,421.6888716952036,483.3155854010024,2.6611328125
28,0.9200439453125,140.0,140.0,144.0,149.0,542.0,534.0,357.1667421572644,333.5227328200936,421.0850781455759,483.62577703059895,2.646484375
29,0.95001220703125,140.0,140.0,145.0,150.0,542.0,532.0,357.14387504622937,333.52919647233637,419.2295647818033,484.4969849445516,2.646484375
30,0.98004150390625,140.0,140.0,143.0,149.0,541.0,534.0,357.27741721477327,333.4878513402398,419.29025973096645,484.46304738450294,2.6416015625
31,1.010009765625,140.0,140.0,145.0,151.0,545.0,534.0,357.22467277475903,333.4677846861292,421.3711821873446,483.6205460785959,2.6611328125
32,1.050048828125,140.0,140.0,144.0,150.0,540.0,531.0,357.22467277475903,333.4677846861292,421.3711821873446,483.6205460785959,2.63671875
33,1.08001708984375,140.0,140.0,145.0,150.0,539.0,527.0,357.22467277475903,333.4677846861292,421.3711821873446,483.6205460785959,2.6318359375
34,1.11004638671875,140.0,140.0,146.0,151.0,540.0,530.0,357.32138138321335,333.5163381483183,420.1976392974419,484.075358993683,2.63671875
35,1.1500244140625,140.0,140.0,145.0,151.0,540.0,531.0,357.32435070923395,333.4946866280891,420.1272149399399,484.1132117764986,2.63671875
36,1.1800537109375,140.0,140.0,144.0,151.0,544.0,533.0,357.2448419405308,333.5554922459607,422.17332786082505,483.41225298359376,2.65625
37,1.21002197265625,140.0,140.0,146.0,151.0,541.0,532.0,357.2448419405308,333.5554922459607,422.17332786082505,483.41225298359376,2.6416015625
38,1.25,140.0,140.0,144.0,151.0,540.0,530.0,357.25938216058154,333.48217363945963,422.53134803780966,483.14186517220776,2.63671875
39,1.280029296875,140.0,140.0,146.0,151.0,540.0,529.0,357.286648352119,333.5647296287848,421.3454876300409,483.79534383760995,2.63671875
40,1.31005859375,140.0,140.0,147.0,151.0,539.0,530.0,357.286648352119,333.5647296287848,421.3454876300409,483.79534383760995,2.6318359375
41,1.35003662109375,140.0,140.0,146.0,152.0,544.0,534.0,357.26411118984146,333.5711690607021,422.62955902801116,483.09471120785634,2.65625
42,1.3800048828125,140.0,140.0,144.0,151.0,546.0,532.0,357.2106783375331,333.5511979623661,424.0054339438195,482.5643004098259,2.666015625
43,1.4100341796875,140.0,140.0,146.0,151.0,541.0,534.0,357.2673591516202,333.54910226714867,422.643822187262,483.10989105118773,2.6416015625
44,1.45001220703125,140.0,140.0,146.0,151.0,537.0,532.0,357.22055462837403,333.6053276886792,421.8614564689732,483.49177190771576,2.6220703125
45,1.48004150390625,140.0,140.0,145.0,151.0,538.0,533.0,357.22055462837403,333.6053276886792,421.8614564689732,483.49177190771576,2.626953125
46,1.510009765625,140.0,140.0,145.0,151.0,542.0,531.0,357.22055462837403,333.6053276886792,421.8614564689732,483.49177190771576,2.646484375
47,1.550048828125,140.0,140.0,146.0,151.0,542.0,533.0,357.286648352119,333.5647296287848,424.06950876346536,482.6078481253028,2.646484375
48,1.58001708984375,140.0,140.0,145.0,150.0,541.0,532.0,357.286648352119,333.5647296287848,424.06950876346536,482.6078481253028,2.6416015625
49,1.61004638671875,140.0,140.0,145.0,151.0,543.0,532.0,357.26411118984146,333.5711690607021,422.1572139683685,483.3984813841909,2.6513671875
50,1.6500244140625,140.0,140.0,147.0,152.0,541.0,533.0,357.286648352119,333.5647296287848,422.2535800907113,483.43141259939944,2.6416015625
51,1.6800537109375,140.0,140.0,146.0,152.0,543.0,535.0,357.286648352119,333.5647296287848,422.2535800907113,483.43141259939944,2.6513671875
52,1.71002197265625,140.0,140.0,146.0,152.0,545.0,535.0,357.3092061596394,333.52742834597916,423.9992783566477,482.37817589375567,2.6611328125
53,1.75,140.0,140.0,146.0,152.0,539.0,534.0,357.3092061596394,333.52742834597916,423.9992783566477,482.37817589375567,2.6318359375
54,1.780029296875,140.0,140.0,145.0,152.0,544.0,534.0,357.3092061596394,333.52742834597916,423.9992783566477,482.37817589375567,2.65625
55,1.81005859375,140.0,140.0,145.0,151.0,542.0,530.0,357.20412389502786,333.51172405710673,422.36632880649694,483.0032369214833,2.646484375
56,1.85003662109375,140.0,140.0,146.0,152.0,541.0,533.0,357.20412389502786,333.51172405710673,422.36632880649694,483.0032369214833,2.6416015625
57,1.8800048828125,140.0,140.0,147.0,152.0,542.0,535.0,357.2084377775892,333.61633198541335,423.9992783566477,482.37817589375567,2.646484375
58,1.9100341796875,140.0,140.0,146.0,151.0,542.0,532.0,357.2084377775892,333.61633198541335,423.9992783566477,482.37817589375567,2.646484375
59,1.95001220703125,140.0,140.0,148.0,151.0,542.0,534.0,357.15652951244107,333.5529715749857,422.36632880649694,483.0032369214833,2.646484375
60,1.98004150390625,140.0,140.0,146.0,152.0,545.0,535.0,357.2519682983027,333.58220612724386,422.55213543610733,482.92836090518864,2.6611328125
61,2.010009765625,140.0,140.0,145.0,150.0,540.0,534.0,357.2519682983027,333.58220612724386,422.55213543610733,482.92836090518864,2.63671875
62,2.050048828125,140.0,140.0,147.0,151.0,543.0,535.0,357.2041080226313,333.64112296563906,423.9992783566477,482.37817589375567,2.6513671875
63,2.08001708984375,140.0,140.0,147.0,152.0,543.0,534.0,357.2041080226313,333.64112296563906,423.9992783566477,482.37817589375567,2.6513671875
64,2.11004638671875,140.0,140.0,145.0,151.0,541.0,534.0,357.2041080226313,333.64112296563906,423.9992783566477,482.37817589375567,2.6416015625
65,2.1500244140625,140.0,140.0,146.0,151.0,546.0,535.0,357.2041080226313,333.64112296563906,423.9992783566477,482.37817589375567,2.666015625
66,2.1800537109375,140.0,140.0,146.0,151.0,543.0,533.0,357.1756083813587,333.5913807526985,423.89277634461973,482.383258639108,2.6513671875
67,2.21002197265625,140.0,140.0,147.0,152.0,542.0,533.0,357.2564032906829,333.54822475481046,423.91045814390463,482.37167215622765,2.646484375
68,2.25,140.0,140.0,145.0,151.0,542.0,534.0,357.2564032906829,333.54822475481046,423.91045814390463,482.37167215622765,2.646484375
69,2.280029296875,140.0,140.0,146.0,151.0,544.0,535.0,357.2564032906829,333.54822475481046,423.91045814390463,482.37167215622765,2.65625
70,2.31005859375,140.0,140.0,146.0,152.0,545.0,534.0,357.26535751196997,333.56203797767654,422.5533175871607,482.9474714861715,2.6611328125
71,2.35003662109375,140.0,140.0,146.0,151.0,541.0,534.0,357.2519682983027,333.58220612724386,423.9551178756706,482.37238045611826,2.6416015625
72,2.3800048828125,140.0,140.0,144.0,151.0,543.0,535.0,357.1753069890009,333.5570957259742,423.9407645201447,482.4649684068475,2.6513671875
73,2.4100341796875,140.0,140.0,145.0,152.0,542.0,536.0,357.1753069890009,333.5570957259742,423.9407645201447,482.4649684068475,2.646484375
74,2.44000244140625,140.0,140.0,146.0,151.0,542.0,535.0,357.1753069890009,333.5570957259742,423.9407645201447,482.4649684068475,2.646484375
75,2.48004150390625,140.0,140.0,146.0,151.0,542.0,536.0,357.1753069890009,333.5570957259742,423.9407645201447,482.4649684068475,2.646484375
76,2.510009765625,140.0,140.0,145.0,152.0,545.0,535.0,357.1753069890009,333.5570957259742,423.9407645201447,482.4649684068475,2.6611328125
77,2.550048828125,140.0,140.0,147.0,152.0,542.0,534.0,357.2741123965708,333.56415452972163,423.9849494653963,482.47077309928613,2.646484375
78,2.58001708984375,140.0,140.0,146.0,151.0,541.0,533.0,357.2741123965708,333.56415452972163,423.9849494653963,482.47077309928613,2.6416015625
79,2.61004638671875,140.0,140.0,145.0,152.0,543.0,534.0,357.2741123965708,333.56415452972163,423.9849494653963,482.47077309928613,2.6513671875
80,2.6400146484375,140.0,140.0,146.0,152.0,543.0,535.0,357.2741123965708,333.56415452972163,423.9849494653963,482.47077309928613,2.6513671875
81,2.6800537109375,140.0,140.0,148.0,152.0,543.0,536.0,357.2741123965708,333.56415452972163,423.9849494653963,482.47077309928613,2.6513671875
82,2.71002197265625,140.0,140.0,145.0,151.0,544.0,538.0,357.2741123965708,333.56415452972163,423.94073375539125,482.47003650467076,2.65625
83,2.75,140.0,140.0,147.0,151.0,546.0,535.0,357.2741123965708,333.56415452972163,423.94073375539125,482.47003650467076,2.666015625
84,2.780029296875,140.0,140.0,146.0,152.0,545.0,535.0,357.2741123965708,333.56415452972163,423.94073375539125,482.47003650467076,2.6611328125
85,2.81005859375,140.0,140.0,147.0,152.0,548.0,535.0,357.2741123965708,333.56415452972163,423.94073375539125,482.47003650467076,2.67578125
86,2.85003662109375,140.0,140.0,145.0,151.0,543.0,533.0,357.226155136129,333.62301235731536,424.04422037100016,482.4367559914173,2.6513671875
87,2.8800048828125,140.0,140.0,146.0,152.0,543.0,533.0,357.226155136129,333.62301235731536,424.04422037100016,482.4367559914173,2.6513671875
88,2.9100341796875,140.0,140.0,146.0,152.0,546.0,535.0,357.226155136129,333.62301235731536,424.04422037100016,482.4367559914173,2.666015625
89,2.94000244140625,140.0,140.0,146.0,151.0,546.0,534.0,357.226155136129,333.62301235731536,424.04422037100016,482.4367559914173,2.666015625
90,2.98004150390625,140.0,140.0,146.0,151.0,543.0,533.0,357.226155136129,333.62301235731536,424.04422037100016,482.4367559914173,2.6513671875
91,3.010009765625,140.0,140.0,147.0,152.0,540.0,535.0,357.2515797292506,333.57059398202813,423.8783211383966,482.4859646420701,2.63671875
92,3.050048828125,140.0,140.0,146.0,152.0,546.0,534.0,357.30843134935793,333.53631066289734,424.0755317650374,482.4724395495406,2.666015625
93,3.08001708984375,140.0,140.0,145.0,150.0,547.0,533.0,357.2677222694073,333.4966479251773,423.7666243222176,482.5190078864975,2.6708984375
94,3.11004638671875,140.0,140.0,145.0,152.0,543.0,534.0,357.2677222694073,333.4966479251773,423.7666243222176,482.5190078864975,2.6513671875
95,3.1400146484375,140.0,140.0,147.0,152.0,545.0,534.0,357.36538568608586,333.4816555689898,424.0315775591522,482.4668234356266,2.6611328125
96,3.1800537109375,140.0,140.0,145.0,150.0,543.0,534.0,357.29040009825394,333.4678361150706,424.20040245036296,482.44359895344303,2.6513671875
97,3.21002197265625,140.0,140.0,145.0,150.0,537.0,535.0,357.31375481760074,333.48605807002014,424.0461414753247,482.43293731300616,2.6220703125
98,3.24005126953125,140.0,140.0,147.0,152.0,545.0,537.0,357.20963174543385,333.5292347110407,423.9159513629225,482.5091828952997,2.6611328125
99,3.280029296875,140.0,140.0,147.0,150.0,543.0,536.0,357.20963174543385,333.5292347110407,423.9159513629225,482.5091828952997,2.6513671875
100,3.31005859375,140.0,140.0,145.0,151.0,542.0,536.0,357.36538568608586,333.4816555689898,423.87156643820623,482.5034125183898,2.646484375
101,3.35003662109375,140.0,140.0,146.0,152.0,544.0,536.0,357.2324958881167,333.5227773531312,424.193009626114,482.3997800420085,2.65625
102,3.3800048828125,140.0,140.0,147.0,153.0,542.0,534.0,357.2324958881167,333.5227773531312,424.193009626114,482.3997800420085,2.646484375
103,3.4100341796875,140.0,140.0,146.0,152.0,546.0,535.0,357.21327627810956,333.50708155445125,424.00496233468,482.50548937801676,2.666015625
104,3.44000244140625,140.0,140.0,146.0,152.0,543.0,533.0,357.3085873134973,333.5046389326788,423.8275618200504,482.49262747168024,2.6513671875
105,3.48004150390625,140.0,140.0,147.0,152.0,545.0,532.0,357.3085873134973,333.5046389326788,423.8275618200504,482.49262747168024,2.6611328125
106,3.510009765625,140.0,140.0,148.0,151.0,546.0,533.0,357.2859032486693,333.5427485420076,424.0755317650374,482.4724395495406,2.666015625
107,3.5400390625,140.0,140.0,145.0,151.0,546.0,533.0,357.2605019931015,333.59517825847445,424.20040245036296,482.44359895344303,2.666015625
108,3.58001708984375,140.0,140.0,146.0,152.0,543.0,533.0,357.2859032486693,333.5427485420076,424.193009626114,482.3997800420085,2.6513671875
109,3.61004638671875,140.0,140.0,147.0,153.0,542.0,533.0,357.3461252940432,333.4662763066636,423.9720914658538,482.4439383233613,2.646484375
110,3.6400146484375,140.0,140.0,146.0,151.0,541.0,534.0,357.30843134935793,333.53631066289734,424.0206136508302,482.5223643342466,2.6416015625
111,3.6800537109375,140.0,140.0,145.0,151.0,542.0,534.0,357.2324958881167,333.5227773531312,424.0755317650374,482.4724395495406,2.646484375
112,3.71002197265625,140.0,140.0,147.0,152.0,543.0,533.0,357.2648927383441,333.6112217557304,424.0487913389559,482.3438025693442,2.6513671875
113,3.74005126953125,140.0,140.0,145.0,151.0,547.0,534.0,357.2948065584437,333.4839078311365,423.9897476601775,482.37726520843006,2.6708984375
114,3.780029296875,140.0,140.0,145.0,151.0,545.0,535.0,357.2948065584437,333.4839078311365,423.9897476601775,482.37726520843006,2.6611328125
115,3.81005859375,140.0,140.0,146.0,151.0,544.0,534.0,357.3282986052678,333.4885496922611,424.15113798088396,482.3102518916858,2.65625
116,3.84002685546875,140.0,140.0,146.0,152.0,546.0,535.0,357.3282986052678,333.4885496922611,424.15113798088396,482.3102518916858,2.666015625
117,3.8800048828125,140.0,140.0,145.0,151.0,544.0,538.0,357.2424236748919,333.61776199587024,424.1683030763778,482.3207936793299,2.65625
118,3.9100341796875,140.0,140.0,145.0,150.0,542.0,537.0,357.19574367517635,333.49888763222367,424.09983194682917,482.3929072369076,2.646484375
119,3.94000244140625,140.0,140.0,147.0,151.0,542.0,535.0,357.29029973019783,333.5588006859557,424.09272793143964,482.3492472124752,2.646484375
120,3.98004150390625,140.0,140.0,146.0,152.0,543.0,536.0,357.2368980798657,333.53884715069853,424.15113798088396,482.3102518916858,2.6513671875
121,4.010009765625,140.0,140.0,145.0,150.0,543.0,534.0,357.2368980798657,333.53884715069853,424.15113798088396,482.3102518916858,2.6513671875
122,4.0400390625,140.0,140.0,145.0,152.0,544.0,534.0,357.3697860791033,333.4977064136494,424.1950749663882,482.25562994017645,2.65625
123,4.08001708984375,140.0,140.0,148.0,152.0,540.0,536.0,357.3886308303401,333.450205429776,424.15113798088396,482.3102518916858,2.63671875
124,4.11004638671875,140.0,140.0,145.0,152.0,544.0,533.0,357.29029973019783,333.5588006859557,424.15113798088396,482.3102518916858,2.65625
125,4.1400146484375,140.0,140.0,145.0,151.0,544.0,535.0,357.2502136873734,333.5185256655234,424.2122781037591,482.26634822342106,2.65625
126,4.1800537109375,140.0,140.0,146.0,152.0,545.0,536.0,357.30277226700457,333.5411485664891,424.22950832805253,482.2524820056708,2.6611328125
127,4.21002197265625,140.0,140.0,147.0,152.0,545.0,536.0,357.3128274511587,333.55235944846856,424.2122781037591,482.26634822342106,2.6611328125
128,4.24005126953125,140.0,140.0,145.0,151.0,543.0,534.0,357.3217924263977,333.5565486716844,424.15113798088396,482.3102518916858,2.6513671875
129,4.280029296875,140.0,140.0,145.0,152.0,544.0,537.0,357.3217924263977,333.5565486716844,424.15113798088396,482.3102518916858,2.65625
130,4.31005859375,140.0,140.0,146.0,152.0,545.0,536.0,357.2368980798657,333.53884715069853,424.1683030763778,482.3207936793299,2.6611328125
131,4.34002685546875,140.0,140.0,147.0,152.0,547.0,536.0,357.29029973019783,333.5588006859557,424.2122781037591,482.26634822342106,2.6708984375
132,4.3800048828125,140.0,140.0,145.0,152.0,541.0,538.0,357.2886742482545,333.5545138581294,424.3205936060593,482.2892424882556,2.6416015625
133,4.4100341796875,140.0,140.0,146.0,152.0,543.0,538.0,357.2886742482545,333.5545138581294,424.3205936060593,482.2892424882556,2.6513671875
134,4.44000244140625,140.0,140.0,146.0,152.0,543.0,534.0,357.32339783324875,333.50614210629004,424.1919597490893,482.35976466952775,2.6513671875
135,4.48004150390625,140.0,140.0,146.0,151.0,543.0,533.0,357.32339783324875,333.50614210629004,424.1919597490893,482.35976466952775,2.6513671875
136,4.510009765625,140.0,140.0,146.0,152.0,548.0,536.0,357.2661438331109,333.5609537943732,424.280538854559,482.24470237452715,2.67578125
137,4.5400390625,140.0,140.0,146.0,152.0,548.0,536.0,357.21272784438713,333.5410026790102,424.2457210057118,482.2720820215715,2.67578125
138,4.57000732421875,140.0,140.0,146.0,151.0,545.0,534.0,357.21272784438713,333.5410026790102,424.2457210057118,482.2720820215715,2.6611328125
139,4.61004638671875,140.0,140.0,147.0,151.0,546.0,534.0,357.2886742482545,333.5545138581294,424.2457210057118,482.2720820215715,2.666015625
140,4.6400146484375,140.0,140.0,146.0,152.0,543.0,534.0,357.15237249240823,333.48542323188576,424.3205936060593,482.2892424882556,2.6513671875
141,4.6800537109375,140.0,140.0,148.0,152.0,543.0,534.0,357.15237249240823,333.48542323188576,424.3205936060593,482.2892424882556,2.6513671875
142,4.71002197265625,140.0,140.0,146.0,153.0,546.0,536.0,357.2661438331109,333.5609537943732,424.280538854559,482.24470237452715,2.666015625
143,4.74005126953125,140.0,140.0,145.0,152.0,542.0,535.0,357.2182727720436,333.5544629621681,424.2191297871484,482.3132111899641,2.646484375
144,4.77001953125,140.0,140.0,147.0,151.0,545.0,533.0,357.2182727720436,333.5544629621681,424.2191297871484,482.3132111899641,2.6611328125
145,4.81005859375,140.0,140.0,146.0,152.0,544.0,533.0,357.2722277562217,333.57323786361536,424.33817692112933,482.27586571513245,2.65625
146,4.84002685546875,140.0,140.0,145.0,151.0,545.0,535.0,357.1843042401413,333.5201797203087,424.33817692112933,482.27586571513245,2.6611328125
147,4.87005615234375,140.0,140.0,146.0,151.0,542.0,536.0,357.1843042401413,333.5201797203087,424.33817692112933,482.27586571513245,2.646484375
148,4.9100341796875,140.0,140.0,146.0,152.0,545.0,538.0,357.17065786840215,333.5317179355087,424.280538854559,482.24470237452715,2.6611328125
149,4.94000244140625,140.0,140.0,148.0,152.0,545.0,536.0,357.2661438331109,333.5609537943732,424.2629546676713,482.2582166442689,2.6611328125
150,4.98004150390625,140.0,140.0,145.0,151.0,544.0,534.0,357.2661438331109,333.5609537943732,424.2629546676713,482.2582166442689,2.65625
151,5.010009765625,140.0,140.0,146.0,151.0,547.0,536.0,357.21272784438713,333.5410026790102,424.3205936060593,482.2892424882556,2.6708984375
152,5.0400390625,140.0,140.0,146.0,152.0,543.0,536.0,357.1777519623716,333.5884040305843,424.2584642180741,482.3396995400205,2.6513671875
153,5.07000732421875,140.0,140.0,145.0,152.0,543.0,534.0,357.1777519623716,333.5884040305843,424.2584642180741,482.3396995400205,2.6513671875
154,5.11004638671875,140.0,140.0,145.0,151.0,544.0,535.0,357.2733387632436,333.5950168163082,424.2335436156273,482.310049343216,2.65625
155,5.1400146484375,140.0,140.0,147.0,152.0,545.0,537.0,357.2958705352539,333.5885794373563,424.25112928699343,482.2966780059575,2.6611328125
156,5.1700439453125,140.0,140.0,146.0,152.0,542.0,534.0,357.2958705352539,333.5885794373563,424.2105599521861,482.25168441077284,2.646484375
157,5.21002197265625,140.0,140.0,145.0,151.0,541.0,536.0,357.2199344855658,333.5750622277457,424.2681695487667,482.28283925331823,2.6416015625
158,5.24005126953125,140.0,140.0,146.0,151.0,546.0,535.0,357.2958705352539,333.5885794373563,424.1929733674811,482.2651931774302,2.666015625
159,5.27001953125,140.0,140.0,146.0,152.0,548.0,535.0,357.31135622919516,333.524785973964,424.25058390235233,482.2962105709537,2.67578125
160,5.31005859375,140.0,140.0,146.0,152.0,544.0,532.0,357.2733387632436,333.5950168163082,424.28675688568785,482.240013807387,2.65625
161,5.34002685546875,140.0,140.0,146.0,151.0,544.0,536.0,357.2199344855658,333.5750622277457,424.2681695487667,482.28283925331823,2.65625
162,5.37005615234375,140.0,140.0,146.0,152.0,547.0,535.0,357.2199344855658,333.5750622277457,424.2681695487667,482.28283925331823,2.6708984375
163,5.4100341796875,140.0,140.0,146.0,152.0,545.0,534.0,357.25529047014686,333.526420748467,424.32554885215023,482.2424386720856,2.6611328125
164,5.44000244140625,140.0,140.0,146.0,152.0,544.0,535.0,357.33359045725655,333.5185758182141,424.28675688568785,482.240013807387,2.65625
165,5.47003173828125,140.0,140.0,144.0,152.0,546.0,535.0,357.33359045725655,333.5185758182141,424.28675688568785,482.240013807387,2.666015625
166,5.510009765625,140.0,140.0,147.0,151.0,541.0,533.0,357.2958705352539,333.5885794373563,424.2681695487667,482.28283925331823,2.6416015625
167,5.5400390625,140.0,140.0,147.0,152.0,545.0,536.0,357.2958705352539,333.5885794373563,424.34429216423297,482.1997104412525,2.6611328125
168,5.57000732421875,140.0,140.0,146.0,151.0,544.0,537.0,357.2958705352539,333.5885794373563,424.34429216423297,482.1997104412525,2.65625
169,5.61004638671875,140.0,140.0,146.0,151.0,546.0,534.0,357.254083618746,333.579351096736,424.28675688568785,482.240013807387,2.666015625
170,5.6400146484375,140.0,140.0,147.0,152.0,543.0,533.0,357.2733387632436,333.5950168163082,424.36813679949364,482.1616590271757,2.6513671875
171,5.6700439453125,140.0,140.0,147.0,152.0,543.0,537.0,357.2958705352539,333.5885794373563,424.34429216423297,482.1997104412525,2.6513671875
172,5.71002197265625,140.0,140.0,145.0,151.0,545.0,538.0,357.34888483505364,333.5030417457525,424.3120690481258,482.2637333400423,2.6611328125
173,5.74005126953125,140.0,140.0,145.0,152.0,545.0,537.0,357.21571315096816,333.5755655420027,424.36954135980847,482.2234095865189,2.6611328125
174,5.77001953125,140.0,140.0,146.0,153.0,546.0,538.0,357.21571315096816,333.5755655420027,424.36954135980847,482.2234095865189,2.666015625
175,5.81005859375,140.0,140.0,146.0,152.0,546.0,537.0,357.21571315096816,333.5755655420027,424.35684593911935,482.2418018230271,2.666015625
176,5.84002685546875,140.0,140.0,144.0,151.0,545.0,535.0,357.26915179159437,333.59552535952196,424.3994811257882,482.16106162129574,2.6611328125
177,5.87005615234375,140.0,140.0,146.0,151.0,545.0,536.0,357.291007914807,333.5259513691658,424.42142247079926,482.1180772429795,2.6611328125
178,5.9100341796875,140.0,140.0,147.0,153.0,548.0,536.0,357.22122225767276,333.65445784090207,424.36954135980847,482.2234095865189,2.67578125
179,5.94000244140625,140.0,140.0,146.0,151.0,542.0,535.0,357.1735015671776,333.58890112073897,424.42142247079926,482.1180772429795,2.646484375
180,5.97003173828125,140.0,140.0,144.0,150.0,545.0,539.0,357.2509759198479,333.54945127346315,424.42142247079926,482.1180772429795,2.6611328125
181,6.010009765625,140.0,140.0,146.0,152.0,546.0,537.0,357.27368198995634,333.5206561256964,424.36954135980847,482.2234095865189,2.666015625
182,6.0400390625,140.0,140.0,146.0,151.0,548.0,536.0,357.2076830437997,333.5617181202725,424.3914435391609,482.18042539879474,2.67578125
183,6.07000732421875,140.0,140.0,145.0,151.0,541.0,534.0,357.19270871641413,333.6046966198819,424.42142247079926,482.1180772429795,2.6416015625
184,6.11004638671875,140.0,140.0,147.0,153.0,541.0,536.0,357.28264174280395,333.57514407300005,424.3914435391609,482.18042539879474,2.6416015625
185,6.1400146484375,140.0,140.0,148.0,152.0,541.0,536.0,357.1450946859015,333.64146603920875,424.42142247079926,482.1180772429795,2.6416015625
186,6.1700439453125,140.0,140.0,146.0,151.0,546.0,538.0,357.2097381737991,333.539566364403,424.36954135980847,482.2234095865189,2.666015625
187,6.21002197265625,140.0,140.0,147.0,151.0,544.0,539.0,357.1559012682082,333.6943741234607,424.3914435391609,482.18042539879474,2.65625
188,6.24005126953125,140.0,140.0,146.0,152.0,544.0,535.0,357.167939256798,333.63492338988516,424.3914435391609,482.18042539879474,2.65625
189,6.27001953125,140.0,140.0,146.0,152.0,545.0,534.0,357.25445337728513,333.5052065504829,424.36954135980847,482.2234095865189,2.6611328125
190,6.31005859375,140.0,140.0,146.0,151.0,545.0,534.0,357.12679102583024,333.62302204753956,424.36954135980847,482.2234095865189,2.6611328125
191,6.34002685546875,140.0,140.0,146.0,151.0,544.0,535.0,357.18511641328007,333.56804346596135,424.43540993641864,482.0747505379407,2.65625
192,6.37005615234375,140.0,140.0,146.0,152.0,545.0,533.0,357.27280672772844,333.5832045577992,424.40928592939866,482.15841481850094,2.6611328125
193,6.4100341796875,140.0,140.0,145.0,152.0,545.0,536.0,357.27280672772844,333.5832045577992,424.40928592939866,482.15841481850094,2.6611328125
194,6.44000244140625,140.0,140.0,145.0,151.0,545.0,535.0,357.2740244580848,333.53025981996024,424.3975769359028,482.157863209662,2.6611328125
195,6.47003173828125,140.0,140.0,146.0,151.0,545.0,535.0,357.2740244580848,333.53025981996024,424.3676050376632,482.22023391149776,2.6611328125
196,6.510009765625,140.0,140.0,148.0,152.0,544.0,536.0,357.27280672772844,333.5832045577992,424.3975769359028,482.157863209662,2.65625
197,6.5400390625,140.0,140.0,146.0,151.0,541.0,538.0,357.29206568049614,333.59887679751165,424.3975769359028,482.157863209662,2.6416015625
198,6.57000732421875,140.0,140.0,146.0,151.0,544.0,536.0,357.266625728841,333.6512945833178,424.3676050376632,482.22023391149776,2.65625
199,6.61004638671875,140.0,140.0,146.0,151.0,543.0,538.0,357.3493707774985,333.5440659960136,424.4115629709656,482.1145224023671,2.6513671875
200,6.6400146484375,140.0,140.0,147.0,153.0,544.0,536.0,357.3493707774985,333.5440659960136,424.3975769359028,482.157863209662,2.65625
201,6.6700439453125,140.0,140.0,146.0,151.0,548.0,536.0,357.3146067985306,333.5924402510729,424.3975769359028,482.157863209662,2.67578125
202,6.70001220703125,140.0,140.0,146.0,152.0,543.0,536.0,357.27390147859904,333.5527869270404,424.4115629709656,482.1145224023671,2.6513671875
203,6.74005126953125,140.0,140.0,146.0,152.0,548.0,536.0,357.24414326291577,333.6578301461718,424.3896272530604,482.15750295419923,2.67578125
204,6.77001953125,140.0,140.0,147.0,153.0,544.0,534.0,357.24414326291577,333.6578301461718,424.3896272530604,482.15750295419923,2.65625
205,6.81005859375,140.0,140.0,146.0,151.0,546.0,535.0,357.29206568049614,333.59887679751165,424.3975769359028,482.157863209662,2.666015625
206,6.84002685546875,140.0,140.0,146.0,152.0,545.0,536.0,357.3523540637308,333.522421762178,424.4115629709656,482.1145224023671,2.6611328125
207,6.87005615234375,140.0,140.0,146.0,152.0,544.0,536.0,357.2386462048461,333.57891057310445,424.46976622926593,482.0662985907333,2.65625
208,6.9100341796875,140.0,140.0,146.0,152.0,549.0,537.0,357.2622977050553,333.5971284128049,424.3975769359028,482.157863209662,2.6806640625
209,6.94000244140625,140.0,140.0,145.0,151.0,546.0,534.0,357.3896527805637,333.5743341730108,424.4115629709656,482.1145224023671,2.666015625
210,6.97003173828125,140.0,140.0,146.0,151.0,545.0,537.0,357.37161448176914,333.5377973557548,424.3896272530604,482.15750295419923,2.6611328125
211,7.0,140.0,140.0,147.0,152.0,548.0,536.0,357.2519762572188,333.55859112437213,424.4115629709656,482.1145224023671,2.67578125
212,7.0400390625,140.0,140.0,147.0,151.0,545.0,536.0,357.2614387453275,333.5643953848511,424.443594095604,482.11353856080694,2.6611328125
213,7.07000732421875,140.0,140.0,147.0,151.0,546.0,538.0,357.2614387453275,333.5643953848511,424.443594095604,482.11353856080694,2.666015625
214,7.11004638671875,140.0,140.0,147.0,152.0,548.0,537.0,357.2991379315383,333.4943783243825,424.520990862086,482.09398106905627,2.67578125
215,7.1400146484375,140.0,140.0,147.0,151.0,545.0,535.0,357.2614387453275,333.5643953848511,424.443594095604,482.11353856080694,2.6611328125
216,7.1700439453125,140.0,140.0,147.0,151.0,544.0,537.0,357.2614387453275,333.5643953848511,424.4853875754939,482.0516739228405,2.65625
217,7.20001220703125,140.0,140.0,144.0,152.0,546.0,536.0,357.23890683586626,333.57083369246413,424.5017629611867,482.06527443318555,2.666015625
218,7.24005126953125,140.0,140.0,146.0,152.0,546.0,537.0,357.2208323325434,333.5022235652504,424.443594095604,482.11353856080694,2.666015625
219,7.27001953125,140.0,140.0,147.0,152.0,543.0,536.0,357.2208323325434,333.5022235652504,424.443594095604,482.11353856080694,2.6513671875
220,7.300048828125,140.0,140.0,147.0,151.0,544.0,535.0,357.261594129159,333.53273326807073,424.4853875754939,482.0516739228405,2.65625
221,7.34002685546875,140.0,140.0,147.0,152.0,545.0,535.0,357.3924877843327,333.4921523365172,424.443594095604,482.11353856080694,2.6611328125
222,7.37005615234375,140.0,140.0,147.0,152.0,545.0,535.0,357.2614387453275,333.5643953848511,424.443594095604,482.11353856080694,2.6611328125
223,7.4100341796875,140.0,140.0,145.0,152.0,542.0,535.0,357.0851384397822,333.56648353438186,424.443594095604,482.11353856080694,2.646484375
224,7.44000244140625,140.0,140.0,146.0,151.0,544.0,535.0,357.2207217974919,333.52474902040774,424.5017629611867,482.06527443318555,2.65625
225,7.47003173828125,140.0,140.0,147.0,152.0,543.0,535.0,357.16262176649934,333.55733205119145,424.443594095604,482.11353856080694,2.6513671875
226,7.5,140.0,140.0,147.0,152.0,544.0,536.0,357.18548977247434,333.5508742351017,424.443594095604,482.11353856080694,2.65625
227,7.5400390625,140.0,140.0,145.0,151.0,544.0,537.0,357.18548977247434,333.5508742351017,424.443594095604,482.11353856080694,2.65625
228,7.57000732421875,140.0,140.0,145.0,152.0,547.0,536.0,357.2614387453275,333.5643953848511,424.4602048095437,482.1270981526037,2.6708984375
229,7.60003662109375,140.0,140.0,146.0,152.0,546.0,536.0,357.1625104692033,333.58001575816115,424.4602048095437,482.1270981526037,2.666015625
230,7.6400146484375,140.0,140.0,146.0,152.0,541.0,535.0,357.29616732619905,333.516021252877,424.5017629611867,482.06527443318555,2.6416015625
231,7.6700439453125,140.0,140.0,146.0,152.0,546.0,537.0,357.29616732619905,333.516021252877,424.5017629611867,482.06527443318555,2.666015625
232,7.70001220703125,140.0,140.0,146.0,151.0,548.0,536.0,357.2228400704514,333.53013778704064,424.4264505848652,481.9866863691128,2.67578125
233,7.74005126953125,140.0,140.0,146.0,151.0,543.0,534.0,357.2228400704514,333.53013778704064,424.4264505848652,481.9866863691128,2.6513671875
234,7.77001953125,140.0,140.0,146.0,151.0,543.0,536.0,357.3068082138094,333.5574893183834,424.5289317138495,481.89145612991666,2.6513671875
235,7.800048828125,140.0,140.0,145.0,151.0,545.0,537.0,357.2228400704514,333.53013778704064,424.56494136472514,481.9984217649526,2.6611328125
236,7.84002685546875,140.0,140.0,147.0,152.0,545.0,537.0,357.28427499536565,333.5639241791997,424.4846269478912,481.93846467123774,2.6611328125
237,7.87005615234375,140.0,140.0,147.0,152.0,547.0,538.0,357.30293526787744,333.5162882995551,424.54529729002934,481.9052000257837,2.6708984375
238,7.9000244140625,140.0,140.0,147.0,152.0,545.0,536.0,357.30293526787744,333.5162882995551,424.46826031585204,481.9248777776521,2.6611328125
239,7.94000244140625,140.0,140.0,146.0,151.0,544.0,535.0,357.2661060037052,333.5178694599691,424.5289317138495,481.89145612991666,2.65625
240,7.97003173828125,140.0,140.0,147.0,152.0,546.0,534.0,357.2308665755277,333.54397903557617,424.54529729002934,481.9052000257837,2.666015625
241,8.0,140.0,140.0,147.0,152.0,546.0,535.0,357.3637875618089,333.502878009265,424.5909963887512,481.9512823565519,2.666015625
242,8.0400390625,140.0,140.0,146.0,151.0,544.0,535.0,357.11133678131614,333.54370524858894,424.4872777734403,481.9534400734081,2.65625
243,8.07000732421875,140.0,140.0,146.0,150.0,544.0,536.0,357.20696784868903,333.5094123304119,424.54529729002934,481.9052000257837,2.65625
244,8.10003662109375,140.0,140.0,147.0,152.0,547.0,538.0,357.2079972662513,333.55043340250717,424.65264648954343,481.98247846865127,2.6708984375
245,8.1400146484375,140.0,140.0,146.0,152.0,549.0,537.0,357.2947709373162,333.50990786293613,424.6063239428564,481.93592963942336,2.6806640625
246,8.1700439453125,140.0,140.0,145.0,151.0,547.0,537.0,357.2078784089855,333.57310263218824,424.54529729002934,481.9052000257837,2.6708984375
247,8.20001220703125,140.0,140.0,146.0,151.0,546.0,536.0,357.3068082138094,333.5574893183834,424.5815659115951,481.9823144417893,2.666015625
248,8.24005126953125,140.0,140.0,148.0,152.0,545.0,538.0,357.3637875618089,333.502878009265,424.54529729002934,481.9052000257837,2.6611328125
249,8.27001953125,140.0,140.0,146.0,152.0,547.0,537.0,357.3637875618089,333.502878009265,424.6170153395141,481.92949849672016,2.6708984375
250,8.300048828125,140.0,140.0,145.0,151.0,545.0,537.0,357.3068082138094,333.5574893183834,424.5618021321213,481.88946641577746,2.6611328125
251,8.34002685546875,140.0,140.0,146.0,152.0,547.0,538.0,357.3068082138094,333.5574893183834,424.6063239428564,481.93592963942336,2.6708984375
252,8.37005615234375,140.0,140.0,148.0,153.0,544.0,536.0,357.3631558854407,333.5018391338239,424.5931889914794,481.95859023521405,2.65625
253,8.4000244140625,140.0,140.0,147.0,153.0,543.0,537.0,357.3631558854407,333.5018391338239,424.5931889914794,481.95859023521405,2.6513671875
254,8.44000244140625,140.0,140.0,145.0,152.0,545.0,538.0,357.23024004210305,333.5426358853086,424.5766784554943,481.9743244437579,2.6611328125
255,8.47003173828125,140.0,140.0,146.0,153.0,545.0,538.0,357.2494622941391,333.5583213114854,424.5766784554943,481.9743244437579,2.6611328125
256,8.5,140.0,140.0,147.0,152.0,546.0,537.0,357.45652785902155,333.4996141266666,424.5931889914794,481.95859023521405,2.666015625
257,8.5400390625,140.0,140.0,146.0,153.0,547.0,538.0,357.38241904490894,333.51720819562485,424.4996184352847,481.99399245399707,2.6708984375
258,8.57000732421875,140.0,140.0,146.0,151.0,544.0,536.0,357.32542395761806,333.57183968844623,424.4996184352847,481.99399245399707,2.65625
259,8.60003662109375,140.0,140.0,146.0,151.0,547.0,535.0,357.30288468282356,333.5782763814491,424.4996184352847,481.99399245399707,2.6708984375
260,8.6400146484375,140.0,140.0,148.0,152.0,542.0,535.0,357.2264677090024,333.5874559211623,424.4996184352847,481.99399245399707,2.646484375
261,8.6700439453125,140.0,140.0,145.0,152.0,546.0,538.0,357.2264677090024,333.5874559211623,424.47439858735356,482.06935990710446,2.666015625
262,8.70001220703125,140.0,140.0,145.0,151.0,545.0,537.0,357.40046448985413,333.55373210283835,424.4996184352847,481.99399245399707,2.6611328125
263,8.74005126953125,140.0,140.0,147.0,151.0,546.0,538.0,357.36017714301994,333.52347700575837,424.4996184352847,481.99399245399707,2.666015625
264,8.77001953125,140.0,140.0,147.0,152.0,544.0,537.0,357.32542395761806,333.57183968844623,424.457792859151,482.05580766418046,2.65625
265,8.800048828125,140.0,140.0,147.0,152.0,550.0,537.0,357.30288468282356,333.5782763814491,424.457792859151,482.05580766418046,2.685546875
266,8.83001708984375,140.0,140.0,146.0,151.0,545.0,536.0,357.38241904490894,333.51720819562485,424.457792859151,482.05580766418046,2.6611328125
267,8.87005615234375,140.0,140.0,146.0,152.0,546.0,537.0,357.32542395761806,333.57183968844623,424.44381637182994,482.09914397122316,2.666015625
268,8.9000244140625,140.0,140.0,147.0,152.0,545.0,535.0,357.2073846143054,333.5490327722166,424.457792859151,482.05580766418046,2.6611328125
269,8.94000244140625,140.0,140.0,148.0,153.0,548.0,537.0,357.20726574563537,333.5716617875458,424.457792859151,482.05580766418046,2.67578125
270,8.97003173828125,140.0,140.0,145.0,152.0,543.0,536.0,357.3631558854407,333.5018391338239,424.44381637182994,482.09914397122316,2.6513671875
271,9.0,140.0,140.0,146.0,151.0,544.0,536.0,357.2494622941391,333.5583213114854,424.4855244416617,482.0373294738186,2.65625
272,9.0400390625,140.0,140.0,147.0,152.0,546.0,536.0,357.35367198730654,333.5931497242043,424.5286985079012,482.23959718706334,2.666015625
273,9.07000732421875,140.0,140.0,146.0,151.0,547.0,536.0,357.35367198730654,333.5931497242043,424.5286985079012,482.23959718706334,2.6708984375
274,9.10003662109375,140.0,140.0,145.0,151.0,543.0,535.0,357.23794902493745,333.5490584102565,424.57054625631304,482.1777251074027,2.6513671875
275,9.1300048828125,140.0,140.0,145.0,151.0,544.0,535.0,357.2839185828779,333.5610037147531,424.5286985079012,482.23959718706334,2.65625
276,9.1700439453125,140.0,140.0,147.0,152.0,546.0,538.0,357.23675751982597,333.6020107002918,424.5147248171637,482.28298001592833,2.666015625
277,9.20001220703125,140.0,140.0,146.0,151.0,549.0,540.0,357.18991595626153,333.6583187108572,424.5286985079012,482.23959718706334,2.6806640625
278,9.24005126953125,140.0,140.0,146.0,151.0,546.0,538.0,357.1796852049417,333.6041678309507,424.5147248171637,482.28298001592833,2.666015625
279,9.27001953125,140.0,140.0,146.0,152.0,546.0,536.0,357.16046579424096,333.58841241848074,424.5286985079012,482.23959718706334,2.666015625
280,9.300048828125,140.0,140.0,148.0,153.0,546.0,536.0,357.2598054739323,333.47945196984983,424.5286985079012,482.23959718706334,2.666015625
281,9.33001708984375,140.0,140.0,148.0,152.0,543.0,537.0,357.18333406269454,333.58201688597995,424.5286985079012,482.23959718706334,2.6513671875
282,9.37005615234375,140.0,140.0,146.0,151.0,548.0,540.0,357.25603647991994,333.61768697488253,424.49279094850044,482.32601906047796,2.67578125
283,9.4000244140625,140.0,140.0,145.0,152.0,549.0,537.0,357.269522949863,333.5972967818461,424.5147248171637,482.28298001592833,2.6806640625
284,9.4300537109375,140.0,140.0,147.0,152.0,546.0,536.0,357.27858838616055,333.6112515588604,424.5286985079012,482.23959718706334,2.666015625
285,9.47003173828125,140.0,140.0,147.0,152.0,546.0,538.0,357.31334940106467,333.56287347487427,424.5147248171637,482.28298001592833,2.666015625
286,9.5,140.0,140.0,146.0,150.0,546.0,536.0,357.33560379366764,333.55660596124557,424.5147248171637,482.28298001592833,2.666015625
287,9.5400390625,140.0,140.0,145.0,150.0,546.0,538.0,357.29731066691994,333.5636581753575,424.5286985079012,482.23959718706334,2.666015625
288,9.57000732421875,140.0,140.0,146.0,151.0,545.0,536.0,357.27858838616055,333.6112515588604,424.5286985079012,482.23959718706334,2.6611328125
289,9.60003662109375,140.0,140.0,148.0,153.0,548.0,538.0,357.25928945398283,333.5956247249393,424.5147248171637,482.28298001592833,2.67578125
290,9.6300048828125,140.0,140.0,146.0,152.0,548.0,536.0,357.27858838616055,333.6112515588604,424.53724147644834,482.2824279885561,2.67578125
291,9.6700439453125,140.0,140.0,145.0,151.0,545.0,536.0,357.25928945398283,333.5956247249393,424.5286985079012,482.23959718706334,2.6611328125
292,9.70001220703125,140.0,140.0,147.0,153.0,544.0,535.0,357.2311174598649,333.52153017473717,424.3641407318577,482.0772662677671,2.65625
293,9.73004150390625,140.0,140.0,146.0,152.0,546.0,535.0,357.2311174598649,333.52153017473717,424.3641407318577,482.0772662677671,2.666015625
294,9.77001953125,140.0,140.0,147.0,151.0,544.0,536.0,357.2119236466127,333.5060310573965,424.3501681215263,482.1206105842788,2.65625
295,9.800048828125,140.0,140.0,144.0,151.0,547.0,538.0,357.1535775505902,333.583495408931,424.3641407318577,482.0772662677671,2.6708984375
296,9.83001708984375,140.0,140.0,146.0,151.0,548.0,536.0,357.15979514762824,333.5732107688705,424.3641407318577,482.0772662677671,2.67578125
297,9.87005615234375,140.0,140.0,148.0,152.0,549.0,536.0,357.2491570348076,333.59012219775383,424.3501681215263,482.1206105842788,2.6806640625
298,9.9000244140625,140.0,140.0,147.0,152.0,549.0,537.0,357.2432266546116,333.5542920451473,424.3501681215263,482.1206105842788,2.6806640625
299,9.9300537109375,140.0,140.0,145.0,151.0,540.0,537.0,357.3286664372176,333.5290686120687,424.3641407318577,482.0772662677671,2.63671875
300,9.97003173828125,140.0,140.0,146.0,150.0,549.0,538.0,357.30584268833485,333.4723739679563,424.46661827767,481.98201086176385,2.6806640625
301,10.0,140.0,140.0,147.0,151.0,545.0,535.0,357.2716879527104,333.5836889135089,424.3807388485407,482.09081970853555,2.6611328125
302,10.030029296875,140.0,140.0,147.0,152.0,545.0,536.0,357.2491570348076,333.59012219775383,424.3641407318577,482.0772662677671,2.6611328125
303,10.07000732421875,140.0,140.0,145.0,151.0,545.0,536.0,357.2716879527104,333.5836889135089,424.3807388485407,482.09081970853555,2.6611328125
304,10.10003662109375,140.0,140.0,146.0,152.0,544.0,536.0,357.30643279680237,333.5353340611623,424.3641407318577,482.0772662677671,2.65625
305,10.1300048828125,0.0,0.0,147.0,152.0,545.0,535.0,357.2536870888632,333.515255156293,424.3501681215263,482.1206105842788,2.6611328125
306,10.1600341796875,0.0,0.0,145.0,150.0,545.0,536.0,357.2536870888632,333.515255156293,424.3501681215263,482.1206105842788,2.6611328125
307,10.19000244140625,0.0,0.0,141.0,148.0,547.0,538.0,357.2716879527104,333.5836889135089,419.2196011900366,484.4504042395115,2.6708984375
308,10.22003173828125,0.0,0.0,139.0,145.0,556.0,544.0,357.3286664372176,333.5290686120687,411.59200117411547,486.9357215901551,2.71484375
309,10.25,0.0,0.0,135.0,143.0,562.0,550.0,357.2491570348076,333.59012219775383,405.0021884907482,488.853210540005,2.744140625
310,10.280029296875,0.0,0.0,133.0,141.0,572.0,556.0,357.2491570348076,333.59012219775383,405.0021884907482,488.853210540005,2.79296875
311,10.31005859375,0.0,0.0,130.0,139.0,578.0,563.0,357.3286664372176,333.5290686120687,401.3156339985686,489.6974125796706,2.822265625
312,10.34002685546875,0.0,0.0,128.0,136.0,583.0,569.0,357.224976704041,333.52468110825924,398.34675454630604,490.2835850681671,2.8466796875
313,10.37005615234375,0.0,0.0,125.0,134.0,580.0,572.0,357.224976704041,333.52468110825924,398.34675454630604,490.2835850681671,2.83203125
314,10.4000244140625,0.0,0.0,123.0,132.0,591.0,577.0,357.2442624091586,333.54030720621915,392.41251853412865,491.01174557837965,2.8857421875
315,10.4200439453125,0.0,0.0,122.0,130.0,598.0,582.0,357.12711841821806,333.4867953553267,387.23669840959667,491.4256213209363,2.919921875
316,10.45001220703125,0.0,0.0,119.0,128.0,601.0,590.0,357.2024572613568,333.5310692623558,385.4739347630248,491.53325955705066,2.9345703125
317,10.48004150390625,0.0,0.0,117.0,127.0,610.0,596.0,357.2442624091586,333.54030720621915,385.29020191710106,491.26445640223034,2.978515625
318,10.510009765625,0.0,0.0,115.0,125.0,610.0,600.0,357.14530326612714,333.55592102575133,383.42586288849117,491.30742606378067,2.978515625
319,10.5400390625,0.0,0.0,114.0,124.0,611.0,600.0,357.14530326612714,333.55592102575133,383.42586288849117,491.30742606378067,2.9833984375
320,10.57000732421875,0.0,0.0,114.0,122.0,616.0,605.0,357.2442624091586,333.54030720621915,378.97606734012606,491.3803521860149,3.0078125
321,10.60003662109375,0.0,0.0,112.0,121.0,622.0,609.0,357.2442624091586,333.54030720621915,375.4380480328318,491.37422026550627,3.037109375
322,10.6300048828125,0.0,0.0,110.0,120.0,622.0,614.0,357.2262325891226,333.4718347871465,374.5902788682374,491.3195074427985,3.037109375
323,10.6600341796875,0.0,0.0,109.0,119.0,630.0,618.0,357.32010558436383,333.43814584977264,375.02441195436603,491.28317354081037,3.076171875
324,10.69000244140625,0.0,0.0,109.0,118.0,630.0,621.0,357.14541825995394,333.5332311606416,373.90157344002205,491.03264840840166,3.076171875
325,10.71002197265625,0.0,0.0,107.0,117.0,630.0,622.0,357.30125081248696,333.4856540359762,370.8807307897652,490.79581669495985,3.076171875
326,10.75,0.0,0.0,107.0,116.0,637.0,626.0,357.22172300160696,333.5467448053434,368.22708864542824,490.58027830454245,3.1103515625
327,10.77001953125,0.0,0.0,106.0,115.0,637.0,627.0,357.22172300160696,333.5467448053434,368.22708864542824,490.58027830454245,3.1103515625
328,10.800048828125,0.0,0.0,105.0,115.0,640.0,630.0,357.25974192938816,333.47648550903546,368.22708864542824,490.58027830454245,3.125
329,10.83001708984375,0.0,0.0,105.0,114.0,647.0,632.0,357.2442624091586,333.54030720621915,369.11076811026464,490.5895347532714,3.1591796875
330,10.86004638671875,0.0,0.0,104.0,114.0,641.0,634.0,357.30125081248696,333.4856540359762,368.451599602716,490.47796495490286,3.1298828125
331,10.8900146484375,0.0,0.0,104.0,114.0,646.0,636.0,357.2403811162105,333.49906811096974,366.1800997104016,490.0679574141455,3.154296875
332,10.9200439453125,0.0,0.0,104.0,114.0,647.0,636.0,357.2304609111234,333.5271694039343,364.84686989429764,489.9072914983402,3.1591796875
333,10.95001220703125,0.0,0.0,104.0,113.0,647.0,639.0,357.30640397515737,333.5406836965092,365.3309202324454,490.00101973115414,3.1591796875
334,10.98004150390625,0.0,0.0,102.0,112.0,650.0,639.0,357.30640397515737,333.5406836965092,365.3309202324454,490.00101973115414,3.173828125
335,11.010009765625,0.0,0.0,102.0,112.0,650.0,642.0,357.30640397515737,333.5406836965092,366.15508583352437,490.0480030779049,3.173828125
336,11.0400390625,0.0,0.0,102.0,112.0,654.0,643.0,357.28387107311596,333.547125533833,365.71882910513693,489.8682285197401,3.193359375
337,11.07000732421875,0.0,0.0,101.0,111.0,654.0,643.0,357.30640397515737,333.5406836965092,363.7313097004952,489.6686010020214,3.193359375
338,11.09002685546875,0.0,0.0,103.0,111.0,650.0,643.0,357.30640397515737,333.5406836965092,363.1224446585367,489.51554840794176,3.173828125
339,11.12005615234375,0.0,0.0,102.0,111.0,655.0,644.0,357.28838681299584,333.47222416679904,363.57955019570784,489.5834910297133,3.1982421875
340,11.1500244140625,0.0,0.0,102.0,111.0,655.0,646.0,357.28387107311596,333.547125533833,364.76715407009436,489.717793429087,3.1982421875
341,11.1800537109375,0.0,0.0,101.0,112.0,658.0,645.0,357.28387107311596,333.547125533833,364.0652898141207,489.7133691839372,3.212890625
342,11.21002197265625,0.0,0.0,101.0,111.0,656.0,646.0,357.20747466157474,333.5563177582462,362.9865754523881,489.3704895404739,3.203125
343,11.24005126953125,0.0,0.0,101.0,111.0,657.0,646.0,357.20747466157474,333.5563177582462,362.9865754523881,489.3704895404739,3.2080078125
344,11.27001953125,0.0,0.0,101.0,111.0,655.0,646.0,357.235979162849,333.606093282025,362.47058115999096,489.3323629200203,3.1982421875
345,11.300048828125,0.0,0.0,101.0,111.0,656.0,649.0,357.2656987106816,333.50103637107674,363.02970164382384,489.4431812344937,3.203125
346,11.33001708984375,0.0,0.0,102.0,111.0,655.0,648.0,357.3633798076035,333.48602476958973,363.57955019570784,489.5834910297133,3.1982421875
347,11.36004638671875,0.0,0.0,102.0,111.0,660.0,648.0,357.3633798076035,333.48602476958973,363.3734360061421,489.3875549245427,3.22265625
348,11.3800048828125,0.0,0.0,101.0,111.0,660.0,648.0,357.2464993228963,333.4854759344136,362.6034018756861,489.27485154867213,3.22265625
349,11.4200439453125,0.0,0.0,101.0,111.0,657.0,650.0,357.3633798076035,333.48602476958973,362.25061656658033,489.28123364240764,3.2080078125
350,11.44000244140625,0.0,0.0,100.0,111.0,661.0,650.0,357.30640397515737,333.5406836965092,362.69623180320474,489.3390452605952,3.2275390625
351,11.47003173828125,0.0,0.0,102.0,111.0,660.0,651.0,357.30640397515737,333.5406836965092,362.69623180320474,489.3390452605952,3.22265625
352,11.5,0.0,0.0,101.0,111.0,661.0,650.0,357.2363269268101,333.57676881240104,363.05667897745695,489.40052431786347,3.2275390625
353,11.530029296875,0.0,0.0,101.0,110.0,658.0,651.0,357.2363269268101,333.57676881240104,363.05667897745695,489.40052431786347,3.212890625
354,11.56005859375,0.0,0.0,101.0,111.0,661.0,651.0,357.2109185641125,333.6291890052147,362.288759723138,489.3547658476001,3.2275390625
355,11.59002685546875,0.0,0.0,101.0,111.0,660.0,652.0,357.2109185641125,333.6291890052147,362.288759723138,489.3547658476001,3.22265625
356,11.62005615234375,0.0,0.0,101.0,111.0,656.0,651.0,357.31584589036487,333.5156852718883,362.5896842308942,489.2826068145626,3.203125
357,11.6500244140625,0.0,0.0,102.0,111.0,661.0,653.0,357.1828865912048,333.5568033334427,363.1190995806871,489.36996635769077,3.2275390625
358,11.6800537109375,0.0,0.0,101.0,111.0,660.0,651.0,357.1828865912048,333.5568033334427,363.1190995806871,489.36996635769077,3.22265625
359,11.71002197265625,0.0,0.0,102.0,111.0,663.0,652.0,357.19276550356614,333.6109169131284,362.73396073548554,489.4153142056121,3.2373046875
360,11.74005126953125,0.0,0.0,101.0,111.0,661.0,653.0,357.19276550356614,333.6109169131284,362.73396073548554,489.4153142056121,3.2275390625
361,11.760009765625,0.0,0.0,100.0,111.0,661.0,650.0,357.19276550356614,333.6109169131284,362.73396073548554,489.4153142056121,3.2275390625
362,11.7900390625,0.0,0.0,101.0,111.0,663.0,649.0,357.2363269268101,333.57676881240104,362.5896842308942,489.2826068145626,3.2373046875
363,11.82000732421875,0.0,0.0,102.0,111.0,662.0,651.0,357.25886688320185,333.5703314615646,362.7723895981774,489.3918556053278,3.232421875
364,11.85003662109375,0.0,0.0,100.0,111.0,661.0,651.0,357.31584589036487,333.5156852718883,362.5896842308942,489.2826068145626,3.2275390625
365,11.8800048828125,0.0,0.0,101.0,111.0,662.0,653.0,357.31584589036487,333.5156852718883,362.5896842308942,489.2826068145626,3.232421875
366,11.9100341796875,0.0,0.0,101.0,111.0,662.0,651.0,357.31584589036487,333.5156852718883,362.5896842308942,489.2826068145626,3.232421875
367,11.94000244140625,0.0,0.0,101.0,111.0,662.0,653.0,357.2363269268101,333.57676881240104,362.51722354967166,489.3008544079219,3.232421875
368,11.97003173828125,0.0,0.0,101.0,111.0,663.0,655.0,357.2363269268101,333.57676881240104,362.51722354967166,489.3008544079219,3.2373046875
369,12.0,0.0,0.0,102.0,111.0,663.0,654.0,357.25886688320185,333.5703314615646,362.61921405197484,489.3457590016393,3.2373046875
370,12.030029296875,0.0,0.0,102.0,111.0,665.0,654.0,357.3339112285514,333.5522228146495,362.48265538408197,489.2884326788753,3.2470703125
371,12.06005859375,0.0,0.0,101.0,111.0,662.0,653.0,357.3339112285514,333.5522228146495,362.48265538408197,489.2884326788753,3.232421875
372,12.08001708984375,0.0,0.0,101.0,111.0,664.0,652.0,357.3339112285514,333.5522228146495,362.48265538408197,489.2884326788753,3.2421875
373,12.11004638671875,0.0,0.0,100.0,111.0,665.0,653.0,357.2544050090346,333.55120938481014,362.36746578613395,489.23818267255155,3.2470703125
374,12.1400146484375,0.0,0.0,101.0,111.0,665.0,653.0,357.17847316773543,333.5376836305696,362.5847381265503,489.2074112110538,3.2470703125
375,12.1700439453125,0.0,0.0,100.0,111.0,661.0,653.0,357.17847316773543,333.5376836305696,362.5847381265503,489.2074112110538,3.2275390625
376,12.20001220703125,0.0,0.0,101.0,111.0,662.0,655.0,357.23512487953184,333.53558884390316,362.32791777330135,489.2308814968009,3.232421875
377,12.23004150390625,0.0,0.0,101.0,111.0,661.0,653.0,357.23512487953184,333.53558884390316,362.32791777330135,489.2308814968009,3.2275390625
378,12.260009765625,0.0,0.0,101.0,111.0,664.0,653.0,357.23512487953184,333.53558884390316,362.32791777330135,489.2308814968009,3.2421875
379,12.2900390625,0.0,0.0,101.0,111.0,664.0,652.0,357.2318797068309,333.55764600952904,362.3502128627492,489.22451626015874,3.2421875
380,12.32000732421875,0.0,0.0,101.0,111.0,662.0,653.0,357.13730758477845,333.49771875814656,362.45273052577016,489.26456067452506,3.232421875
381,12.35003662109375,0.0,0.0,101.0,111.0,664.0,653.0,357.2318797068309,333.55764600952904,362.0814431488477,489.2567604541662,3.2421875
382,12.37005615234375,0.0,0.0,100.0,111.0,662.0,655.0,357.3113459463771,333.4965702925175,361.64668921399993,489.03719763061,3.232421875
383,12.4100341796875,0.0,0.0,101.0,110.0,665.0,654.0,357.3113459463771,333.4965702925175,361.64668921399993,489.03719763061,3.2470703125
384,12.4300537109375,0.0,0.0,101.0,111.0,667.0,654.0,357.3113459463771,333.4965702925175,361.64668921399993,489.03719763061,3.2568359375
385,12.46002197265625,0.0,0.0,100.0,111.0,662.0,653.0,357.32477259906426,333.4764406408787,362.32791777330135,489.2308814968009,3.232421875
386,12.49005126953125,0.0,0.0,102.0,111.0,661.0,653.0,357.2137997450228,333.4890367684733,362.40111643719507,489.23857197918755,3.2275390625
387,12.52001953125,0.0,0.0,101.0,111.0,664.0,655.0,357.2137997450228,333.4890367684733,362.40111643719507,489.23857197918755,3.2421875
388,12.550048828125,0.0,0.0,101.0,111.0,667.0,656.0,357.17847316773543,333.5376836305696,361.64668921399993,489.03719763061,3.2568359375
389,12.58001708984375,0.0,0.0,101.0,111.0,665.0,654.0,357.17847316773543,333.5376836305696,361.64668921399993,489.03719763061,3.2470703125
390,12.61004638671875,0.0,0.0,101.0,111.0,664.0,655.0,357.22422880213344,333.4348302480541,362.2980896048136,489.1855091699585,3.2421875
391,12.6400146484375,0.0,0.0,100.0,111.0,666.0,655.0,357.3113459463771,333.4965702925175,362.2764820125099,489.2371994239722,3.251953125
392,12.6700439453125,0.0,0.0,101.0,111.0,666.0,654.0,357.3113459463771,333.4965702925175,362.2764820125099,489.2371994239722,3.251953125
393,12.70001220703125,0.0,0.0,100.0,110.0,666.0,655.0,357.3113459463771,333.4965702925175,362.2764820125099,489.2371994239722,3.251953125
394,12.73004150390625,0.0,0.0,102.0,111.0,664.0,655.0,357.35495250045017,333.5227063867095,361.6165786836004,489.11187520087105,3.2421875
395,12.75,0.0,0.0,101.0,110.0,664.0,655.0,357.35495250045017,333.5227063867095,361.6165786836004,489.11187520087105,3.2421875
396,12.780029296875,0.0,0.0,101.0,111.0,665.0,655.0,357.35495250045017,333.5227063867095,361.6165786836004,489.11187520087105,3.2470703125
397,12.81005859375,0.0,0.0,101.0,111.0,664.0,655.0,357.2707388447597,333.4948166708772,362.1729791585933,489.25418980714045,3.2421875
398,12.84002685546875,0.0,0.0,100.0,111.0,662.0,653.0,357.2707388447597,333.4948166708772,362.1729791585933,489.25418980714045,3.232421875
399,12.87005615234375,0.0,0.0,101.0,111.0,666.0,655.0,357.2707388447597,333.4948166708772,362.1729791585933,489.25418980714045,3.251953125
400,12.9000244140625,0.0,0.0,101.0,111.0,664.0,654.0,357.1990560335206,333.5929726100344,361.44545272428707,489.0815700538061,3.2421875
401,12.9300537109375,0.0,0.0,100.0,111.0,662.0,652.0,357.1990560335206,333.5929726100344,361.44545272428707,489.0815700538061,3.232421875
402,12.96002197265625,0.0,0.0,101.0,111.0,668.0,654.0,357.1990560335206,333.5929726100344,362.08875003626326,489.22177736777155,3.26171875
403,12.99005126953125,0.0,0.0,101.0,111.0,664.0,655.0,357.1990560335206,333.5929726100344,362.08875003626326,489.22177736777155,3.2421875
404,13.02001953125,0.0,0.0,101.0,111.0,665.0,653.0,357.1990560335206,333.5929726100344,362.08875003626326,489.22177736777155,3.2470703125
405,13.050048828125,0.0,0.0,100.0,111.0,661.0,655.0,357.2979858949423,333.57735766903545,361.42966157845353,489.09797774872993,3.2275390625
406,13.07000732421875,0.0,0.0,101.0,111.0,665.0,654.0,357.2979858949423,333.57735766903545,361.42966157845353,489.09797774872993,3.2470703125
407,13.10003662109375,0.0,0.0,101.0,111.0,664.0,656.0,357.1808688066453,333.5238511190531,361.6905443493054,489.1009305452617,3.2421875
408,13.1300048828125,0.0,0.0,101.0,111.0,663.0,654.0,357.1808688066453,333.5238511190531,361.6905443493054,489.1009305452617,3.2373046875
409,13.1600341796875,0.0,0.0,101.0,110.0,664.0,656.0,357.1808688066453,333.5238511190531,361.6905443493054,489.1009305452617,3.2421875
410,13.19000244140625,0.0,0.0,101.0,111.0,665.0,654.0,357.1744902690136,333.52737613100066,361.6467600937134,489.09103120220055,3.2470703125
411,13.22003173828125,0.0,0.0,101.0,111.0,661.0,656.0,357.1990560335206,333.5929726100344,361.3822507955594,489.1035333566872,3.2275390625
412,13.25,0.0,0.0,101.0,111.0,665.0,655.0,357.1990560335206,333.5929726100344,361.3822507955594,489.1035333566872,3.2470703125
413,13.280029296875,0.0,0.0,102.0,111.0,665.0,654.0,357.1990560335206,333.5929726100344,361.3822507955594,489.1035333566872,3.2470703125
414,13.31005859375,0.0,0.0,101.0,111.0,664.0,653.0,357.207880678467,333.5525983935056,361.623090988125,488.99745682056306,3.2421875
415,13.34002685546875,0.0,0.0,102.0,111.0,666.0,653.0,357.207880678467,333.5525983935056,361.623090988125,488.99745682056306,3.251953125
416,13.37005615234375,0.0,0.0,101.0,111.0,665.0,655.0,357.2612963117988,333.5725527348704,361.4337217628309,489.10318889391255,3.2470703125
417,13.3900146484375,0.0,0.0,102.0,111.0,667.0,657.0,357.2612963117988,333.5725527348704,361.36215014987766,489.00471885851397,3.2568359375
418,13.4200439453125,0.0,0.0,100.0,111.0,665.0,656.0,357.2612963117988,333.5725527348704,361.36215014987766,489.00471885851397,3.2470703125
419,13.45001220703125,0.0,0.0,101.0,111.0,665.0,655.0,357.2612963117988,333.5725527348704,361.36215014987766,489.00471885851397,3.2470703125
420,13.48004150390625,0.0,0.0,102.0,111.0,664.0,654.0,357.2838335164435,333.56611633055905,361.53082194220246,488.987764692247,3.2421875
421,13.510009765625,0.0,0.0,101.0,111.0,663.0,655.0,357.18500733064855,333.5590542989168,361.33550070878925,488.99389765281126,3.2373046875
422,13.5400390625,0.0,0.0,101.0,111.0,664.0,655.0,357.2838335164435,333.56611633055905,361.28019733552554,489.05560577126215,3.2421875
423,13.57000732421875,0.0,0.0,101.0,111.0,669.0,656.0,357.2838335164435,333.56611633055905,361.28019733552554,489.05560577126215,3.2666015625
424,13.60003662109375,0.0,0.0,101.0,111.0,665.0,656.0,357.2838335164435,333.56611633055905,361.28019733552554,489.05560577126215,3.2470703125
425,13.6300048828125,0.0,0.0,102.0,111.0,665.0,655.0,357.2838335164435,333.56611633055905,361.28019733552554,489.05560577126215,3.2470703125
426,13.6600341796875,0.0,0.0,101.0,111.0,667.0,657.0,357.2658227833526,333.49768310210067,361.4186888720642,489.0653480549699,3.2568359375
427,13.69000244140625,0.0,0.0,100.0,111.0,667.0,657.0,357.2466022606937,333.4822355044931,361.3147915207352,489.00004870488294,3.2568359375
428,13.71002197265625,0.0,0.0,101.0,111.0,665.0,655.0,357.2838335164435,333.56611633055905,361.3147915207352,489.00004870488294,3.2470703125
429,13.74005126953125,0.0,0.0,102.0,111.0,664.0,658.0,357.3185855263401,333.5177556383725,361.3511547374783,488.98947551283,3.2421875
430,13.77001953125,0.0,0.0,100.0,111.0,663.0,655.0,357.3185855263401,333.5177556383725,361.3511547374783,488.98947551283,3.2373046875
431,13.800048828125,0.0,0.0,101.0,111.0,664.0,655.0,357.3185855263401,333.5177556383725,361.3511547374783,488.98947551283,3.2421875
432,13.83001708984375,0.0,0.0,101.0,111.0,665.0,655.0,357.3266230218211,333.5608137529648,361.34894213713426,489.0731685708114,3.2470703125
433,13.86004638671875,0.0,0.0,101.0,111.0,666.0,657.0,357.3266230218211,333.5608137529648,361.34894213713426,489.0731685708114,3.251953125
434,13.8900146484375,0.0,0.0,101.0,111.0,665.0,655.0,357.251639414509,333.57892126557294,361.34894213713426,489.0731685708114,3.2470703125
435,13.9200439453125,0.0,0.0,101.0,111.0,665.0,656.0,357.2893192077773,333.5089059756005,361.417127190437,489.07337199674504,3.2470703125
436,13.95001220703125,0.0,0.0,101.0,110.0,667.0,656.0,357.251639414509,333.57892126557294,361.4045461264016,489.1438362310391,3.2568359375
437,13.98004150390625,0.0,0.0,100.0,111.0,664.0,657.0,357.1757230605963,333.56539508515834,361.3696390898478,489.0670119690599,3.2421875
438,14.010009765625,0.0,0.0,101.0,111.0,664.0,658.0,357.251639414509,333.57892126557294,361.34894213713426,489.0731685708114,3.2421875
439,14.0400390625,0.0,0.0,100.0,111.0,664.0,655.0,357.251639414509,333.57892126557294,361.34894213713426,489.0731685708114,3.2421875
440,14.06005859375,0.0,0.0,101.0,110.0,665.0,657.0,357.16308717783687,333.6259897683314,361.34894213713426,489.0731685708114,3.2470703125
441,14.09002685546875,0.0,0.0,101.0,111.0,667.0,655.0,357.251639414509,333.57892126557294,361.34894213713426,489.0731685708114,3.2568359375
442,14.12005615234375,0.0,0.0,100.0,111.0,666.0,655.0,357.251639414509,333.57892126557294,361.34894213713426,489.0731685708114,3.251953125
443,14.1500244140625,0.0,0.0,101.0,111.0,663.0,653.0,357.18126309439714,333.6443094202821,361.34894213713426,489.0731685708114,3.2373046875
444,14.1800537109375,0.0,0.0,101.0,111.0,666.0,656.0,357.2863508028144,333.53054891751503,361.34894213713426,489.0731685708114,3.251953125
445,14.21002197265625,0.0,0.0,100.0,111.0,664.0,658.0,357.251639414509,333.57892126557294,361.34894213713426,489.0731685708114,3.2421875
446,14.24005126953125,0.0,0.0,101.0,111.0,667.0,656.0,357.251639414509,333.57892126557294,361.34894213713426,489.0731685708114,3.2568359375
447,14.27001953125,0.0,0.0,101.0,111.0,665.0,657.0,357.21104815055077,333.5167462336676,361.3143883784467,489.1287573193273,3.2470703125
448,14.300048828125,0.0,0.0,101.0,111.0,666.0,657.0,357.15286531393497,333.5718514866556,361.34894213713426,489.0731685708114,3.251953125
449,14.33001708984375,0.0,0.0,101.0,112.0,664.0,655.0,357.26709477039606,333.5151156415024,361.3143883784467,489.1287573193273,3.2421875
450,14.36004638671875,0.0,0.0,102.0,111.0,663.0,653.0,357.15286531393497,333.5718514866556,361.34894213713426,489.0731685708114,3.2373046875
451,14.3800048828125,0.0,0.0,101.0,111.0,663.0,656.0,357.251639414509,333.57892126557294,361.34894213713426,489.0731685708114,3.2373046875
452,14.4100341796875,0.0,0.0,102.0,111.0,668.0,657.0,357.2358577316553,333.5923504598196,361.34890904374265,489.0274445901481,3.26171875
453,14.44000244140625,0.0,0.0,101.0,111.0,667.0,654.0,357.263846231703,333.66470931178753,361.3143229745706,489.08299288625324,3.2568359375
454,14.47003173828125,0.0,0.0,101.0,111.0,665.0,655.0,357.3118064509378,333.6058708562354,361.34890904374265,489.0274445901481,3.2470703125
455,14.5,0.0,0.0,101.0,110.0,669.0,656.0,357.3118064509378,333.6058708562354,361.34890904374265,489.0274445901481,3.2666015625
456,14.530029296875,0.0,0.0,101.0,111.0,665.0,656.0,357.3687923803084,333.55124190290906,361.2956031974404,489.07521002630943,3.2470703125
457,14.56005859375,0.0,0.0,101.0,111.0,666.0,658.0,357.33869824733864,333.64631713668024,361.34890904374265,489.0274445901481,3.251953125
458,14.59002685546875,0.0,0.0,101.0,111.0,665.0,658.0,357.3118064509378,333.6058708562354,361.34890904374265,489.0274445901481,3.2470703125
459,14.62005615234375,0.0,0.0,102.0,111.0,665.0,657.0,357.3118064509378,333.6058708562354,361.26089896174597,489.13071994400434,3.2470703125
460,14.6500244140625,0.0,0.0,102.0,111.0,665.0,658.0,357.289270927461,333.6123067855238,361.3143229745706,489.08299288625324,3.2470703125
461,14.6800537109375,0.0,0.0,101.0,111.0,666.0,659.0,357.263846231703,333.66470931178753,361.34890904374265,489.0274445901481,3.251953125
462,14.70001220703125,0.0,0.0,100.0,111.0,667.0,656.0,357.263846231703,333.66470931178753,361.34890904374265,489.0274445901481,3.2568359375
463,14.74005126953125,0.0,0.0,100.0,110.0,666.0,657.0,357.3118064509378,333.6058708562354,361.3143229745706,489.08299288625324,3.251953125
464,14.760009765625,0.0,0.0,101.0,111.0,668.0,656.0,357.289270927461,333.6123067855238,361.34890904374265,489.0274445901481,3.26171875
465,14.7900390625,0.0,0.0,101.0,110.0,664.0,655.0,357.263846231703,333.66470931178753,361.3143229745706,489.08299288625324,3.2421875
466,14.82000732421875,0.0,0.0,101.0,110.0,666.0,656.0,357.3118064509378,333.6058708562354,361.28056999362485,489.04495635945636,3.251953125
467,14.85003662109375,0.0,0.0,101.0,111.0,666.0,656.0,357.3465541831362,333.5575099593836,361.26089896174597,489.13071994400434,3.251953125
468,14.8800048828125,0.0,0.0,101.0,111.0,668.0,655.0,357.3118064509378,333.6058708562354,361.2956031974404,489.07521002630943,3.26171875
469,14.9100341796875,0.0,0.0,101.0,110.0,665.0,655.0,357.3465541831362,333.5575099593836,361.3143229745706,489.08299288625324,3.2470703125
470,14.94000244140625,0.0,0.0,101.0,111.0,666.0,656.0,357.2925281155969,333.5902543397533,361.2956031974404,489.07521002630943,3.251953125
471,14.97003173828125,0.0,0.0,100.0,111.0,663.0,656.0,357.2925281155969,333.5902543397533,361.2956031974404,489.07521002630943,3.2373046875
472,15.0,0.0,0.0,102.0,111.0,667.0,658.0,357.31158592110376,333.58492314664863,361.32190794781854,489.1384925504545,3.2568359375
473,15.02001953125,0.0,0.0,101.0,111.0,668.0,657.0,357.31158592110376,333.58492314664863,361.32190794781854,489.1384925504545,3.26171875
474,15.06005859375,0.0,0.0,101.0,112.0,664.0,657.0,357.1350438893719,333.6356572144875,361.3565923781989,489.0829696384517,3.2421875
475,15.08001708984375,0.0,0.0,101.0,111.0,663.0,655.0,357.34928343246173,333.5149229022753,361.32190794781854,489.1384925504545,3.2373046875
476,15.11004638671875,0.0,0.0,100.0,111.0,666.0,656.0,357.31158592110376,333.58492314664863,361.25425281253473,489.12165386036503,3.251953125
477,15.1400146484375,0.0,0.0,101.0,111.0,665.0,656.0,357.25410191259704,333.52341103606034,361.1872193874204,489.1385466319572,3.2470703125
478,15.1700439453125,0.0,0.0,100.0,111.0,667.0,656.0,357.25410191259704,333.52341103606034,361.1872193874204,489.1385466319572,3.2568359375
479,15.20001220703125,0.0,0.0,101.0,111.0,667.0,655.0,357.25177045530694,333.5072538356285,361.32190794781854,489.1384925504545,3.2568359375
480,15.23004150390625,0.0,0.0,102.0,111.0,664.0,655.0,357.3685486165852,333.53029582661446,361.32190794781854,489.1384925504545,3.2421875
481,15.260009765625,0.0,0.0,100.0,111.0,666.0,656.0,357.2803114354341,333.57727976722293,361.32190794781854,489.1384925504545,3.251953125
482,15.2900390625,0.0,0.0,101.0,111.0,665.0,656.0,357.23563431360594,333.57139295076166,361.2540866181732,489.15539081890887,3.2470703125
483,15.32000732421875,0.0,0.0,101.0,111.0,665.0,656.0,357.3463135854169,333.536561916429,361.3565923781989,489.0829696384517,3.2470703125
484,15.35003662109375,0.0,0.0,101.0,110.0,666.0,655.0,357.1352808006033,333.5869849188169,361.32190794781854,489.1384925504545,3.251953125
485,15.37005615234375,0.0,0.0,100.0,111.0,666.0,655.0,357.1352808006033,333.5869849188169,361.32190794781854,489.1384925504545,3.251953125
486,15.4000244140625,0.0,0.0,101.0,111.0,664.0,654.0,357.2310637691644,333.55256414761686,361.28913249877473,489.06654297542735,3.2421875
487,15.4300537109375,0.0,0.0,101.0,111.0,663.0,655.0,357.31158592110376,333.58492314664863,361.3565923781989,489.0829696384517,3.2373046875
488,15.46002197265625,0.0,0.0,101.0,111.0,666.0,654.0,357.2890536371963,333.59135709130123,361.1872193874204,489.1385466319572,3.251953125
489,15.49005126953125,0.0,0.0,101.0,111.0,667.0,655.0,357.3463135854169,333.536561916429,361.2889671636789,489.10010266706695,3.2568359375
490,15.52001953125,0.0,0.0,101.0,111.0,662.0,654.0,357.32055402743157,333.58911399118136,361.28913249877473,489.06654297542735,3.232421875
491,15.550048828125,0.0,0.0,101.0,111.0,665.0,655.0,357.3463135854169,333.536561916429,361.28913249877473,489.06654297542735,3.2470703125
492,15.58001708984375,0.0,0.0,101.0,111.0,668.0,657.0,357.2062832384919,333.52298364325617,361.22806853162103,489.01680025345104,3.26171875
493,15.61004638671875,0.0,0.0,100.0,111.0,663.0,657.0,357.28221566236056,333.53648980638417,361.226305673665,489.0339482471606,3.2373046875
494,15.6400146484375,0.0,0.0,101.0,111.0,664.0,656.0,357.2342786394025,333.5953375917733,361.226305673665,489.0339482471606,3.2421875
495,15.6700439453125,0.0,0.0,100.0,111.0,666.0,656.0,357.2342786394025,333.5953375917733,361.226305673665,489.0339482471606,3.251953125
496,15.69000244140625,0.0,0.0,101.0,111.0,666.0,657.0,357.25968697577366,333.54293001133874,361.16121711232927,489.03394998373744,3.251953125
497,15.73004150390625,0.0,0.0,102.0,110.0,666.0,656.0,356.99337198605076,333.6389600916482,361.19318260897205,489.0719264332625,3.251953125
498,15.75,0.0,0.0,101.0,110.0,668.0,656.0,357.3391769488638,333.48184985410825,361.2608253035396,489.08874560648593,3.26171875
499,15.780029296875,0.0,0.0,102.0,111.0,662.0,654.0,357.25968697577366,333.54293001133874,361.19318260897205,489.0719264332625,3.232421875
500,15.81005859375,0.0,0.0,102.0,111.0,667.0,657.0,357.2404303966517,333.5272676219153,361.19318260897205,489.0719264332625,3.2568359375
501,15.84002685546875,0.0,0.0,101.0,112.0,664.0,655.0,357.2300992816399,333.5548323429768,361.2608253035396,489.08874560648593,3.2421875
502,15.87005615234375,0.0,0.0,101.0,111.0,662.0,658.0,357.2300992816399,333.5548323429768,361.2608253035396,489.08874560648593,3.232421875
503,15.9000244140625,0.0,0.0,100.0,111.0,667.0,656.0,357.28221566236056,333.53648980638417,361.2608253035396,489.08874560648593,3.2568359375
504,15.9300537109375,0.0,0.0,100.0,111.0,661.0,657.0,357.25968697577366,333.54293001133874,361.16121711232927,489.03394998373744,3.2275390625
505,15.96002197265625,0.0,0.0,102.0,111.0,666.0,656.0,357.18341851496007,333.5294434038105,361.19318260897205,489.0719264332625,3.251953125
506,15.99005126953125,0.0,0.0,101.0,111.0,666.0,656.0,357.21183268702913,333.4724309046603,361.12615485074923,489.0888412978786,3.251953125
507,16.02001953125,0.0,0.0,101.0,111.0,667.0,655.0,357.2976878143075,333.4726969703185,361.1930097461094,489.1056662121023,3.2568359375
508,16.0400390625,0.0,0.0,101.0,111.0,663.0,656.0,357.28221566236056,333.53648980638417,361.12615485074923,489.0888412978786,3.2373046875
509,16.07000732421875,0.0,0.0,101.0,112.0,666.0,656.0,357.3391769488638,333.48184985410825,361.07395202593443,488.9967899553235,3.251953125
510,16.10003662109375,0.0,0.0,101.0,111.0,666.0,655.0,357.3391769488638,333.48184985410825,361.07395202593443,488.9967899553235,3.251953125
511,16.1300048828125,0.0,0.0,101.0,111.0,666.0,658.0,357.2404303966517,333.5272676219153,361.1087157971786,489.12715832628413,3.251953125
512,16.1600341796875,0.0,0.0,100.0,111.0,666.0,656.0,357.16825855238363,333.57381577269183,361.1860014695777,489.10255884433013,3.251953125
513,16.19000244140625,0.0,0.0,101.0,110.0,667.0,658.0,357.16825855238363,333.57381577269183,361.1860014695777,489.10255884433013,3.2568359375
514,16.22003173828125,0.0,0.0,100.0,111.0,666.0,657.0,357.09082210024803,333.58282781809214,361.1189961200811,489.11946765325104,3.251953125
515,16.25,0.0,0.0,101.0,111.0,666.0,656.0,357.3431844763183,333.54198818954825,361.104206011318,489.10352926612273,3.251953125
516,16.280029296875,0.0,0.0,102.0,111.0,662.0,655.0,357.18745118491756,333.5895594760837,361.08409436437097,489.0653420746804,3.232421875
517,16.31005859375,0.0,0.0,100.0,111.0,665.0,656.0,357.3431844763183,333.54198818954825,361.1189961200811,489.11946765325104,3.2470703125
518,16.34002685546875,0.0,0.0,101.0,111.0,667.0,657.0,357.3431844763183,333.54198818954825,361.1189961200811,489.11946765325104,3.2568359375
519,16.37005615234375,0.0,0.0,101.0,110.0,665.0,656.0,357.139656783072,333.6715222367705,361.1189961200811,489.11946765325104,3.2470703125
520,16.3900146484375,0.0,0.0,101.0,110.0,666.0,658.0,357.18745118491756,333.5895594760837,361.1860014695777,489.10255884433013,3.251953125
521,16.4200439453125,0.0,0.0,100.0,111.0,665.0,656.0,357.28623003278693,333.5966190382615,361.08409436437097,489.0653420746804,3.2470703125
522,16.45001220703125,0.0,0.0,101.0,111.0,666.0,657.0,357.2637050119446,333.6030560346811,361.05198809675716,489.0115305634679,3.251953125
523,16.48004150390625,0.0,0.0,100.0,111.0,666.0,655.0,357.2682163680647,333.5281860178159,361.1858263954937,489.13628658279936,3.251953125
524,16.510009765625,0.0,0.0,101.0,111.0,665.0,656.0,357.1505791244477,333.7019195584541,361.1189961200811,489.11946765325104,3.2470703125
525,16.5400390625,0.0,0.0,100.0,111.0,664.0,656.0,357.2915627847582,333.5463946086951,361.1015606150269,489.15777100401056,3.2421875
526,16.57000732421875,0.0,0.0,100.0,111.0,666.0,658.0,357.2915627847582,333.5463946086951,361.1015606150269,489.15777100401056,3.251953125
527,16.60003662109375,0.0,0.0,100.0,111.0,663.0,656.0,357.21031218601115,333.58310296960366,361.08409436437097,489.0653420746804,3.2373046875
528,16.6300048828125,0.0,0.0,100.0,111.0,666.0,656.0,357.2637050119446,333.6030560346811,361.1189961200811,489.11946765325104,3.251953125
529,16.6600341796875,0.0,0.0,101.0,110.0,663.0,657.0,357.2201649857284,333.6371952832745,361.1189961200811,489.11946765325104,3.2373046875
530,16.69000244140625,0.0,0.0,100.0,111.0,666.0,658.0,357.28623003278693,333.5966190382615,361.1189961200811,489.11946765325104,3.251953125
531,16.71002197265625,0.0,0.0,101.0,110.0,668.0,657.0,357.16916627175806,333.5431511560169,361.1189961200811,489.11946765325104,3.26171875
532,16.74005126953125,0.0,0.0,101.0,111.0,663.0,657.0,357.2724973048237,333.57245974165636,361.21113708277767,489.2066689360194,3.2373046875
533,16.77001953125,0.0,0.0,101.0,111.0,667.0,656.0,357.2818211310815,333.57657058112756,361.2259468181937,489.22262912396565,3.2568359375
534,16.800048828125,0.0,0.0,100.0,110.0,666.0,656.0,357.2818211310815,333.57657058112756,361.2259468181937,489.22262912396565,3.251953125
535,16.83001708984375,0.0,0.0,101.0,111.0,669.0,656.0,357.2950231753275,333.56601751937455,361.19098841351956,489.1684307629663,3.2666015625
536,16.86004638671875,0.0,0.0,101.0,111.0,668.0,656.0,357.2724973048237,333.57245974165636,361.1710777350649,489.1601169629474,3.26171875
537,16.8900146484375,0.0,0.0,101.0,111.0,664.0,657.0,357.276963588543,333.4975571605911,361.21113708277767,489.2066689360194,3.2421875
538,16.9200439453125,0.0,0.0,100.0,111.0,668.0,658.0,357.22896897529404,333.6066183909473,361.193695073533,489.2448825476054,3.26171875
539,16.95001220703125,0.0,0.0,102.0,111.0,664.0,656.0,357.3519561780192,333.5113570248749,361.21113708277767,489.2066689360194,3.2421875
540,16.98004150390625,0.0,0.0,101.0,111.0,666.0,655.0,357.1961164803655,333.581653073686,361.2259468181937,489.22262912396565,3.251953125
541,17.010009765625,0.0,0.0,100.0,110.0,664.0,656.0,357.3519561780192,333.5113570248749,361.19098841351956,489.1684307629663,3.2421875
542,17.030029296875,0.0,0.0,102.0,111.0,667.0,655.0,357.2950231753275,333.56601751937455,361.20852391554405,489.2609805699603,3.2568359375
543,17.06005859375,0.0,0.0,100.0,111.0,665.0,655.0,357.2950231753275,333.56601751937455,361.20852391554405,489.2609805699603,3.2470703125
544,17.09002685546875,0.0,0.0,101.0,111.0,665.0,656.0,357.21908082200855,333.55250397655493,361.20852391554405,489.2609805699603,3.2470703125
545,17.12005615234375,0.0,0.0,102.0,111.0,664.0,657.0,357.29112086181647,333.5247840290474,361.21113708277767,489.2066689360194,3.2421875
546,17.1500244140625,0.0,0.0,101.0,111.0,667.0,657.0,357.2724973048237,333.57245974165636,361.21113708277767,489.2066689360194,3.2568359375
547,17.1800537109375,0.0,0.0,101.0,110.0,667.0,656.0,357.2950231753275,333.56601751937455,361.2259468181937,489.22262912396565,3.2568359375
548,17.21002197265625,0.0,0.0,102.0,111.0,664.0,657.0,357.2724973048237,333.57245974165636,361.20852391554405,489.2609805699603,3.2421875
549,17.24005126953125,0.0,0.0,101.0,111.0,670.0,657.0,357.2246498880374,333.63142901862125,361.20852391554405,489.2609805699603,3.271484375
550,17.27001953125,0.0,0.0,100.0,112.0,666.0,658.0,357.2246498880374,333.63142901862125,361.20852391554405,489.2609805699603,3.251953125
551,17.300048828125,0.0,0.0,101.0,111.0,669.0,655.0,357.30399110031385,333.57020722607274,361.2259468181937,489.22262912396565,3.2666015625
552,17.33001708984375,0.0,0.0,101.0,111.0,664.0,656.0,357.13476215970803,333.5635926636337,361.05402480413363,489.16169140600255,3.2421875
553,17.36004638671875,0.0,0.0,101.0,111.0,667.0,655.0,357.13476215970803,333.5635926636337,361.05402480413363,489.16169140600255,3.2568359375
554,17.3800048828125,0.0,0.0,101.0,111.0,668.0,656.0,357.0813081086094,333.69472654751,361.0714667931502,489.12338467535784,3.26171875
555,17.4100341796875,0.0,0.0,101.0,111.0,664.0,657.0,357.26831519119617,333.52229363920503,361.01936774181513,489.1371584970112,3.2421875
556,17.44000244140625,0.0,0.0,101.0,110.0,664.0,656.0,357.1576313182298,333.5571367821291,361.05402480413363,489.16169140600255,3.2421875
557,17.47003173828125,0.0,0.0,102.0,111.0,666.0,656.0,357.1576313182298,333.5571367821291,361.05402480413363,489.16169140600255,3.251953125
558,17.5,0.0,0.0,101.0,111.0,668.0,655.0,357.26831519119617,333.52229363920503,360.9841536466406,489.08308926710544,3.26171875
559,17.530029296875,0.0,0.0,101.0,111.0,666.0,657.0,357.26831519119617,333.52229363920503,360.9841536466406,489.08308926710544,3.251953125
560,17.56005859375,0.0,0.0,100.0,110.0,665.0,658.0,357.10989745623414,333.6165058439461,361.01936774181513,489.1371584970112,3.2470703125
561,17.59002685546875,0.0,0.0,101.0,111.0,667.0,656.0,357.1576313182298,333.5571367821291,360.98659222615686,489.0535715701006,3.2568359375
562,17.62005615234375,0.0,0.0,101.0,111.0,668.0,657.0,357.26831519119617,333.52229363920503,361.056670030433,489.107437620222,3.26171875
563,17.6500244140625,0.0,0.0,101.0,111.0,666.0,656.0,357.2335770583491,333.57065968597686,361.03920902299757,489.145606659752,3.251953125
564,17.6800537109375,0.0,0.0,101.0,111.0,667.0,657.0,357.2335770583491,333.57065968597686,361.01936774181513,489.1371584970112,3.2568359375
565,17.70001220703125,0.0,0.0,100.0,111.0,667.0,657.0,357.2335770583491,333.57065968597686,361.01936774181513,489.1371584970112,3.2568359375
