,time,left_pwm,right_pwm,left_pressure,right_pressure,left_flex,right_flex,base_pos_x,base_pos_y,tip_pos_x,tip_pos_y,bend_angle,scaled_voltage
0,0.0,0.0,0.0,28.0,46.0,602.0,2.0,490.76369083372646,211.582872929998,500.5208544529782,379.53715389409655,1.5127673849347676,2.939453125
1,0.030029296875,0.0,0.0,26.0,46.0,600.0,2.0,490.7346861335119,211.6645478390501,500.33679989080713,379.4187520611266,1.513619531600903,2.9296875
2,0.06005859375,0.0,0.0,28.0,46.0,604.0,0.0,490.7642829223907,211.6344091530723,500.33679989080713,379.4187520611266,1.5138056034875287,2.94921875
3,0.0899658203125,165.0,165.0,22.0,46.0,605.0,0.0,490.7642829223907,211.6344091530723,500.3461358735627,379.3079606088156,1.513712529584048,2.9541015625
4,0.1099853515625,165.0,165.0,30.0,47.0,601.0,3.0,490.76388217268067,211.6509780498575,500.57551643799854,379.66196131034593,1.5124638123053458,2.9345703125
5,0.1400146484375,165.0,165.0,33.0,46.0,601.0,0.0,490.76369083372646,211.582872929998,501.64888719722984,379.9937313430728,1.5062513434280653,2.9345703125
6,0.1700439453125,165.0,165.0,26.0,46.0,598.0,1.0,490.8165979786093,211.57559245807298,502.97984150703707,380.35048899979097,1.498852859840812,2.919921875
7,0.2000732421875,165.0,165.0,25.0,46.0,597.0,2.0,490.7457795996403,211.63404769765356,505.79034661964516,381.4009061742097,1.4824082373693628,2.9150390625
8,0.22998046875,165.0,165.0,25.0,46.0,591.0,2.0,490.7457795996403,211.63404769765356,505.79034661964516,381.4009061742097,1.4824082373693628,2.8857421875
9,0.260009765625,165.0,165.0,35.0,46.0,587.0,1.0,490.70794496334923,211.5614380987011,512.7225313988941,382.22199584897874,1.4425084342843244,2.8662109375
10,0.2900390625,165.0,165.0,27.0,46.0,582.0,1.0,490.70794496334923,211.5614380987011,512.7225313988941,382.22199584897874,1.4425084342843244,2.841796875
11,0.320068359375,165.0,165.0,27.0,46.0,574.0,3.0,490.7486456088001,211.51455910979925,515.2771444863924,382.6126867505654,1.4284072439790036,2.802734375
12,0.3499755859375,165.0,165.0,27.0,46.0,572.0,1.0,490.70748860889114,211.66673438138758,516.2633143291724,382.8761934709365,1.4226238785510354,2.79296875
13,0.3800048828125,165.0,165.0,28.0,48.0,570.0,4.0,490.70748860889114,211.66673438138758,516.4857889140983,383.1190512350991,1.4215615634300585,2.783203125
14,0.4100341796875,165.0,165.0,34.0,46.0,564.0,2.0,490.70748860889114,211.66673438138758,516.4857889140983,383.1190512350991,1.4215615634300585,2.75390625
15,0.4400634765625,165.0,165.0,26.0,46.0,562.0,2.0,490.6640708857499,211.73266325912905,516.2933348438803,383.18927472920427,1.4224153765906267,2.744140625
16,0.469970703125,165.0,165.0,29.0,46.0,562.0,2.0,490.7243039018446,211.7248431211575,517.1374286586992,383.4276529426397,1.418162314974677,2.744140625
17,0.5,165.0,165.0,30.0,46.0,557.0,4.0,490.70794496334923,211.5614380987011,518.8200165028684,383.3071016270614,1.4085507914058,2.7197265625
18,0.530029296875,165.0,165.0,30.0,46.0,554.0,3.0,490.762534630865,211.53314240547004,520.9073699349972,383.6400635904742,1.3974033846483154,2.705078125
19,0.56005859375,165.0,165.0,34.0,46.0,552.0,2.0,490.762534630865,211.53314240547004,520.9073699349972,383.6400635904742,1.3974033846483154,2.6953125
20,0.5899658203125,165.0,165.0,26.0,46.0,549.0,1.0,490.6967215721344,211.59221897317855,523.148782037744,383.49181612598386,1.3842073358002576,2.6806640625
21,0.6199951171875,165.0,165.0,28.0,46.0,544.0,2.0,490.6967215721344,211.59221897317855,523.148782037744,383.49181612598386,1.3842073358002576,2.65625
22,0.6500244140625,165.0,165.0,30.0,46.0,542.0,3.0,490.7471142974949,211.56921846230472,524.8522289452281,383.5383999761626,1.3750156283685662,2.646484375
23,0.6800537109375,165.0,165.0,36.0,45.0,538.0,1.0,490.7008646287025,211.64612810655723,524.3956944349337,383.6003508835073,1.377295773992038,2.626953125
24,0.7099609375,165.0,165.0,24.0,46.0,538.0,1.0,490.6599880082079,211.73211897127757,523.6128149493208,383.9603851893399,1.381748834150587,2.626953125
25,0.739990234375,165.0,165.0,26.0,46.0,538.0,1.0,490.6599880082079,211.73211897127757,523.6128149493208,383.9603851893399,1.381748834150587,2.626953125
26,0.780029296875,165.0,165.0,29.0,46.0,537.0,2.0,490.6640818059544,211.62870479433207,523.188223545682,384.084200482688,1.384391349409217,2.6220703125
27,0.81005859375,165.0,165.0,32.0,46.0,538.0,2.0,490.7259776857401,211.51027942726276,523.8162797663306,384.05997020222077,1.381324103354268,2.626953125
28,0.8299560546875,165.0,165.0,37.0,46.0,535.0,3.0,490.72098240953386,211.61368250825294,525.2789088720958,383.9001914224932,1.3728392393819955,2.6123046875
29,0.8599853515625,165.0,165.0,24.0,46.0,532.0,3.0,490.72098240953386,211.61368250825294,525.2789088720958,383.9001914224932,1.3728392393819955,2.59765625
30,0.9000244140625,165.0,165.0,23.0,47.0,531.0,2.0,490.72098240953386,211.61368250825294,525.2789088720958,383.9001914224932,1.3728392393819955,2.5927734375
31,0.9300537109375,165.0,165.0,29.0,47.0,531.0,3.0,490.7553049291148,211.4951337217977,527.731972244629,383.71443539807086,1.3593003618343433,2.5927734375
32,0.9500732421875,165.0,165.0,33.0,46.0,529.0,3.0,490.773320114377,211.4439890327324,527.731972244629,383.71443539807086,1.3594612684952432,2.5830078125
33,0.989990234375,165.0,165.0,30.0,46.0,530.0,2.0,490.75489125725716,211.60039334936224,526.9553293301974,383.7051006687403,1.3634788831463802,2.587890625
34,1.02001953125,165.0,165.0,26.0,45.0,531.0,5.0,490.772783724835,211.54923672013504,526.2514819665975,383.9435824753239,1.3678304383813535,2.5927734375
35,1.050048828125,165.0,165.0,26.0,46.0,531.0,2.0,490.7957354881503,211.3781473810961,525.6160124040663,384.0705494780045,1.3718322384913924,2.5927734375
36,1.0799560546875,165.0,165.0,27.0,46.0,532.0,2.0,490.80452043690445,211.48267547460972,525.6533011495712,384.053950511542,1.3715375420544786,2.59765625
37,1.1099853515625,165.0,165.0,37.0,46.0,531.0,1.0,490.7907409505365,211.56619768179655,526.1690590843946,383.9735283574631,1.3684039451685037,2.5927734375
38,1.1400146484375,165.0,165.0,28.0,46.0,531.0,4.0,490.7474320152327,211.6365072941159,526.9501661312372,383.8497549078412,1.363593071522809,2.5927734375
39,1.1700439453125,165.0,165.0,26.0,46.0,530.0,2.0,490.7474320152327,211.6365072941159,526.9501661312372,383.8497549078412,1.363593071522809,2.587890625
40,1.2000732421875,165.0,165.0,26.0,46.0,533.0,1.0,490.75201274903924,211.54743099824378,527.845383991278,383.7140919151908,1.3585897327059056,2.6025390625
41,1.22998046875,165.0,165.0,29.0,46.0,528.0,4.0,490.725734608253,211.50857570219657,528.6301082975853,383.8596962866139,1.3543172644626678,2.578125
42,1.260009765625,165.0,165.0,37.0,46.0,528.0,3.0,490.7018207161416,211.77144692872508,528.5868539278558,383.8925541763726,1.354144115337082,2.578125
43,1.2900390625,165.0,165.0,25.0,46.0,528.0,4.0,490.7730133341874,211.61731668218252,527.7891385598349,383.71022965326824,1.3589304760608858,2.578125
44,1.320068359375,165.0,165.0,28.0,46.0,530.0,1.0,490.75489125725716,211.60039334936224,526.9243934243693,383.93639876567255,1.3639211713282176,2.587890625
45,1.3499755859375,165.0,165.0,27.0,45.0,527.0,1.0,490.70767952678233,211.61303294020945,526.4549547340171,383.95925350809426,1.3662807653466664,2.5732421875
46,1.3800048828125,165.0,165.0,36.0,46.0,533.0,2.0,490.75627418715686,211.65413135616674,526.4320555356152,383.94752658220074,1.3666176567514632,2.6025390625
47,1.4100341796875,165.0,165.0,29.0,46.0,530.0,3.0,490.7766322978593,211.55408103908258,526.7998522224611,383.94924783437773,1.3648030489991996,2.587890625
48,1.4400634765625,165.0,165.0,30.0,46.0,531.0,2.0,490.71146120282293,211.5623863851757,527.6592100139616,383.7677466826543,1.3594442801181605,2.5927734375
49,1.469970703125,165.0,165.0,29.0,46.0,530.0,1.0,490.71146120282293,211.5623863851757,527.6592100139616,383.7677466826543,1.3594442801181605,2.587890625
50,1.5,165.0,165.0,29.0,46.0,530.0,3.0,490.71146120282293,211.5623863851757,527.6592100139616,383.7677466826543,1.3594442801181605,2.587890625
51,1.530029296875,165.0,165.0,36.0,46.0,528.0,3.0,490.8010574917783,211.58007436806852,528.8135459331221,384.13159218215,1.3539632662229126,2.578125
52,1.56005859375,165.0,165.0,28.0,46.0,528.0,2.0,490.85052508334854,211.58983487342704,528.73589105852,384.21787212734995,1.354758846573089,2.578125
53,1.5899658203125,165.0,165.0,29.0,46.0,533.0,2.0,490.80155970661696,211.65115252138492,528.0343865851934,384.0300643135961,1.3580701888355575,2.6025390625
54,1.6199951171875,165.0,165.0,29.0,46.0,531.0,1.0,490.8308833791601,211.6375867412024,527.4114714950836,384.05975566100534,1.3617390372791185,2.5927734375
55,1.6500244140625,165.0,165.0,28.0,46.0,533.0,2.0,490.80538319895015,211.65240491117135,526.8934667380695,384.1382726899072,1.3645480258460603,2.6025390625
56,1.6800537109375,165.0,165.0,35.0,46.0,530.0,3.0,490.87054908357874,211.54004052764665,526.9092843034537,384.1577556175072,1.3649750616639702,2.587890625
57,1.7099609375,165.0,165.0,25.0,46.0,534.0,1.0,490.84941824486384,211.63794853526971,527.4546007597977,384.1127097127487,1.3616644893572414,2.607421875
58,1.739990234375,165.0,165.0,28.0,46.0,531.0,2.0,490.8488105841574,211.58640067735814,527.9884988445308,383.95969025520077,1.3585797601727632,2.5927734375
59,1.77001953125,165.0,165.0,30.0,46.0,531.0,3.0,490.84602531296156,211.53341811905838,528.7106520668998,384.18459178329573,1.354901511503063,2.5927734375
60,1.800048828125,165.0,165.0,36.0,45.0,529.0,2.0,490.84602531296156,211.53341811905838,528.7106520668998,384.18459178329573,1.354901511503063,2.5830078125
61,1.8299560546875,165.0,165.0,25.0,46.0,530.0,1.0,490.8488105841574,211.58640067735814,528.8376462410359,384.13933947672405,1.3540957313524065,2.587890625
62,1.8599853515625,165.0,165.0,26.0,46.0,533.0,1.0,490.8308833791601,211.6375867412024,528.7281762445577,384.1617831059518,1.3545668767299701,2.6025390625
63,1.8900146484375,165.0,165.0,28.0,46.0,529.0,1.0,490.8308833791601,211.6375867412024,528.0001469001052,384.0164972513474,1.3584225198943691,2.5830078125
64,1.9200439453125,165.0,165.0,31.0,46.0,531.0,17.0,490.8308833791601,211.6375867412024,527.7086596752177,383.9282040994813,1.3599340886147453,2.5927734375
65,1.9500732421875,165.0,165.0,29.0,46.0,530.0,1.0,490.83132683708146,211.53226449800013,527.2419304178084,384.1713125742588,1.36293659946332,2.587890625
66,1.97998046875,165.0,165.0,27.0,46.0,530.0,2.0,490.8488105841574,211.58640067735814,527.2996361191865,384.1167198898232,1.3625861710303415,2.587890625
67,2.010009765625,165.0,165.0,27.0,46.0,533.0,0.0,490.80155970661696,211.65115252138492,527.72956267658,383.9096661307891,1.359617162428744,2.6025390625
68,2.0400390625,165.0,165.0,27.0,46.0,532.0,3.0,490.81455286356913,211.77278042232527,528.1383833753406,384.0518437165656,1.3574459800568592,2.59765625
69,2.070068359375,165.0,165.0,28.0,46.0,532.0,3.0,490.86928295384416,211.67961073574773,528.7078781878016,384.1738376173264,1.3548551106769198,2.59765625
70,2.0999755859375,165.0,165.0,28.0,47.0,531.0,2.0,490.8036578982623,211.63880199491769,528.7160375744622,384.22922599237404,1.3545638974421574,2.5927734375
71,2.1300048828125,165.0,165.0,29.0,46.0,531.0,4.0,490.8036578982623,211.63880199491769,528.7160375744622,384.22922599237404,1.3545638974421574,2.5927734375
72,2.1600341796875,165.0,165.0,34.0,46.0,533.0,2.0,490.82429343807564,211.696804599864,528.5796986295569,384.2376593509021,1.3553717397922302,2.6025390625
73,2.1900634765625,165.0,165.0,26.0,46.0,532.0,3.0,490.8203802353871,211.53458984792044,527.9510795624506,384.18822107545867,1.358963873611023,2.59765625
74,2.219970703125,165.0,165.0,29.0,45.0,531.0,1.0,490.8203802353871,211.53458984792044,527.9510795624506,384.18822107545867,1.358963873611023,2.5927734375
75,2.25,165.0,165.0,31.0,48.0,532.0,2.0,490.773101449037,211.65140587175173,527.4394098065253,384.1662116982907,1.3613725984329783,2.59765625
76,2.280029296875,165.0,165.0,32.0,46.0,533.0,2.0,490.8694718604788,211.5219581872697,527.5665292488545,384.0192745035641,1.3611814345806068,2.6025390625
77,2.31005859375,165.0,165.0,35.0,46.0,530.0,5.0,490.88762137887073,211.53944287140942,527.8818528097306,383.9436770301697,1.3594231370439753,2.587890625
78,2.3399658203125,165.0,165.0,25.0,46.0,534.0,1.0,490.86840837735883,211.62787622840895,528.4172370435062,384.17007191466894,1.356516193334102,2.607421875
79,2.3699951171875,165.0,165.0,28.0,45.0,533.0,1.0,490.8197841725691,211.63990493457865,528.6225669677603,384.2040360050758,1.3551379133193129,2.6025390625
80,2.4000244140625,165.0,165.0,30.0,46.0,533.0,2.0,490.8197841725691,211.63990493457865,528.6225669677603,384.2040360050758,1.3551379133193129,2.6025390625
81,2.4300537109375,165.0,165.0,37.0,46.0,533.0,2.0,490.8023258813069,211.58576324073485,528.7078781878016,384.1738376173264,1.3545987825970867,2.6025390625
82,2.4599609375,165.0,165.0,27.0,46.0,533.0,2.0,490.75430594410545,211.75649338550244,528.5644909667401,384.3126456354854,1.355087315237822,2.6025390625
83,2.489990234375,165.0,165.0,27.0,46.0,535.0,1.0,490.75430594410545,211.75649338550244,528.5644909667401,384.3126456354854,1.355087315237822,2.6123046875
84,2.530029296875,165.0,165.0,29.0,46.0,532.0,1.0,490.75430594410545,211.75649338550244,528.5644909667401,384.3126456354854,1.355087315237822,2.59765625
85,2.56005859375,165.0,165.0,32.0,46.0,532.0,1.0,490.77254182055646,211.7046516652616,527.6039262683244,383.97065333937627,1.360162360126068,2.59765625
86,2.5899658203125,165.0,165.0,37.0,47.0,531.0,2.0,490.81929302306713,211.64294434853466,527.6280707496915,384.009766780955,1.3604073863860118,2.5927734375
87,2.6099853515625,165.0,165.0,26.0,46.0,532.0,0.0,490.8203802353871,211.53458984792044,527.9390792029659,384.1304559066197,1.3589615336104963,2.59765625
88,2.6500244140625,165.0,165.0,25.0,46.0,533.0,1.0,490.8197841725691,211.63990493457865,528.4706372371219,384.2460608243285,1.3560288846626722,2.6025390625
89,2.6800537109375,165.0,165.0,28.0,46.0,531.0,1.0,490.8634499440321,211.58021602026514,528.6034878925846,384.05148615835753,1.3553725184791279,2.5927734375
90,2.7099609375,165.0,165.0,33.0,46.0,532.0,3.0,490.867949587642,211.56845555435046,528.5859652727603,384.07428269669805,1.3555361836899036,2.59765625
91,2.739990234375,165.0,165.0,31.0,46.0,532.0,3.0,490.867949587642,211.56845555435046,528.5859652727603,384.07428269669805,1.3555361836899036,2.59765625
92,2.77001953125,165.0,165.0,24.0,46.0,533.0,1.0,490.84611525247107,211.4579500908689,528.5606127571486,384.08509695584956,1.3557022914657262,2.6025390625
93,2.800048828125,165.0,165.0,26.0,46.0,534.0,4.0,490.7840663337848,211.68038022946985,527.9509988060306,384.0559661770631,1.3584314682354022,2.607421875
94,2.8299560546875,165.0,165.0,29.0,46.0,535.0,2.0,490.81643335227375,211.64493519876814,527.8056277604119,383.78726786222126,1.3591390324473376,2.6123046875
95,2.8599853515625,165.0,165.0,38.0,46.0,534.0,2.0,490.81643335227375,211.64493519876814,527.8056277604119,383.78726786222126,1.3591390324473376,2.607421875
96,2.8900146484375,165.0,165.0,28.0,47.0,533.0,2.0,490.8275480137952,211.61443050893428,527.8629008607841,383.7914240851008,1.3589241344277914,2.6025390625
97,2.9200439453125,165.0,165.0,28.0,46.0,534.0,1.0,490.8280465303553,211.50912050673193,528.1251967485174,384.0636491314448,1.3579240669776262,2.607421875
98,2.9500732421875,165.0,165.0,27.0,46.0,531.0,2.0,490.8454939384035,211.56324818420794,528.5606127571486,384.08509695584956,1.3555715879306187,2.5927734375
99,2.97998046875,165.0,165.0,29.0,45.0,534.0,2.0,490.8454939384035,211.56324818420794,528.6111627885371,384.10752817571563,1.3553191196734795,2.607421875
100,3.010009765625,165.0,165.0,38.0,46.0,532.0,2.0,490.8634499440321,211.58021602026514,528.5859652727603,384.07428269669805,1.3554970613889648,2.59765625
101,3.0400390625,165.0,165.0,29.0,46.0,533.0,2.0,490.8634499440321,211.58021602026514,528.5859652727603,384.07428269669805,1.3554970613889648,2.6025390625
102,3.070068359375,165.0,165.0,28.0,46.0,533.0,0.0,490.8634499440321,211.58021602026514,528.5859652727603,384.07428269669805,1.3554970613889648,2.6025390625
103,3.0999755859375,0.0,0.0,36.0,46.0,535.0,2.0,490.8200147028998,211.64595290423117,528.018149667092,384.11465579188274,1.3583698302546547,2.6123046875
104,3.1199951171875,0.0,0.0,28.0,47.0,532.0,2.0,490.8763807658594,211.60257178743495,527.8629008607841,383.7914240851008,1.359209369440293,2.59765625
105,3.1500244140625,0.0,0.0,29.0,47.0,533.0,2.0,490.8763807658594,211.60257178743495,527.8629008607841,383.7914240851008,1.359209369440293,2.6025390625
106,3.1800537109375,0.0,0.0,28.0,46.0,535.0,3.0,490.84627880737105,211.6833308435839,526.2310861035683,383.7566462914134,1.3679855661404394,2.6123046875
107,3.2000732421875,0.0,0.0,29.0,46.0,536.0,3.0,490.84627880737105,211.6833308435839,526.2310861035683,383.7566462914134,1.3679855661404394,2.6171875
108,3.22998046875,0.0,0.0,27.0,46.0,538.0,3.0,490.84627880737105,211.6833308435839,526.2310861035683,383.7566462914134,1.3679855661404394,2.626953125
109,3.25,0.0,0.0,29.0,46.0,543.0,3.0,490.6242301229526,211.79524424056027,520.3902640416367,383.40163066392813,1.3990498704978496,2.6513671875
110,3.280029296875,0.0,0.0,27.0,46.0,547.0,3.0,490.7155700200114,211.55865979143977,516.1088957692733,383.1779800253573,1.423899055310539,2.6708984375
111,3.31005859375,0.0,0.0,30.0,47.0,552.0,2.0,490.7155700200114,211.55865979143977,516.1088957692733,383.1779800253573,1.423899055310539,2.6953125
112,3.3299560546875,0.0,0.0,27.0,46.0,556.0,0.0,490.7155700200114,211.55865979143977,516.1088957692733,383.1779800253573,1.423899055310539,2.71484375
113,3.3599853515625,0.0,0.0,28.0,46.0,564.0,0.0,490.7155700200114,211.55865979143977,516.1088957692733,383.1779800253573,1.423899055310539,2.75390625
114,3.3800048828125,0.0,0.0,28.0,46.0,571.0,3.0,490.7155700200114,211.55865979143977,516.1088957692733,383.1779800253573,1.423899055310539,2.7880859375
115,3.4100341796875,0.0,0.0,25.0,46.0,572.0,2.0,490.71515093818834,211.66394415724315,506.56333087567236,381.6420743815328,1.4778285143754224,2.79296875
116,3.4400634765625,0.0,0.0,29.0,46.0,574.0,0.0,490.71515093818834,211.66394415724315,506.56333087567236,381.6420743815328,1.4778285143754224,2.802734375
117,3.4599609375,0.0,0.0,26.0,46.0,576.0,2.0,490.75101544625744,211.62974932777254,507.2640715622108,381.69467988389874,1.4740012265811315,2.8125
118,3.489990234375,0.0,0.0,28.0,46.0,577.0,1.0,490.75101544625744,211.62974932777254,507.2640715622108,381.69467988389874,1.4740012265811315,2.8173828125
119,3.510009765625,0.0,0.0,27.0,46.0,579.0,2.0,490.73392751414224,211.73283378867225,508.39191893758056,381.6899335676902,1.4672710065784225,2.8271484375
120,3.5400390625,0.0,0.0,28.0,46.0,580.0,1.0,490.7330525025414,211.61277990120482,507.7241572552739,381.2226578221097,1.470951869399312,2.83203125
121,3.570068359375,0.0,0.0,27.0,48.0,580.0,1.0,490.7330525025414,211.61277990120482,507.7241572552739,381.2226578221097,1.470951869399312,2.83203125
122,3.5899658203125,0.0,0.0,26.0,46.0,583.0,3.0,490.7330525025414,211.61277990120482,506.61630067960857,381.1824009697793,1.4774008265069412,2.8466796875
123,3.6199951171875,0.0,0.0,28.0,46.0,585.0,2.0,490.7330525025414,211.61277990120482,506.61630067960857,381.1824009697793,1.4774008265069412,2.8564453125
124,3.6400146484375,0.0,0.0,26.0,46.0,585.0,2.0,490.7547634923639,211.56644056349302,502.2292684465793,380.417338929625,1.5029442130988466,2.8564453125
125,3.6700439453125,0.0,0.0,29.0,46.0,588.0,3.0,490.7547634923639,211.56644056349302,502.2292684465793,380.417338929625,1.5029442130988466,2.87109375
126,3.7000732421875,0.0,0.0,24.0,46.0,594.0,2.0,490.7330525025414,211.61277990120482,500.64826835845906,380.12866689369463,1.5120256215603167,2.900390625
127,3.719970703125,0.0,0.0,28.0,46.0,592.0,3.0,490.7639588966487,211.6521037901355,500.88774416231547,380.0861547682475,1.5107632139608544,2.890625
128,3.75,0.0,0.0,26.0,46.0,591.0,1.0,490.72863319481206,211.6108987223028,501.9679905382521,379.96969440154163,1.5041368744722172,2.8857421875
129,3.77001953125,0.0,0.0,28.0,45.0,592.0,2.0,490.66641370811766,211.73063636596524,502.9885672979627,380.1666960961982,1.497770147814437,2.890625
130,3.800048828125,0.0,0.0,27.0,46.0,596.0,1.0,490.66641370811766,211.73063636596524,502.9885672979627,380.1666960961982,1.497770147814437,2.91015625
131,3.8299560546875,0.0,0.0,26.0,48.0,594.0,4.0,490.7463141842678,211.43965395840434,504.19217806569475,380.14855614319293,1.4912658282000575,2.900390625
132,3.8499755859375,0.0,0.0,29.0,46.0,595.0,3.0,490.7025597026717,211.50699294536295,504.49241213493485,380.38157530424974,1.489319739943641,2.9052734375
133,3.8800048828125,0.0,0.0,25.0,46.0,595.0,0.0,490.7159458657109,211.6479326122521,503.7518402388073,380.1299773545334,1.4935775690357695,2.9052734375
134,3.9100341796875,0.0,0.0,29.0,46.0,597.0,3.0,490.7159458657109,211.6479326122521,503.7518402388073,380.1299773545334,1.4935775690357695,2.9150390625
135,3.9300537109375,0.0,0.0,27.0,46.0,595.0,1.0,490.7159458657109,211.6479326122521,503.7518402388073,380.1299773545334,1.4935775690357695,2.9052734375
136,3.9599609375,0.0,0.0,29.0,46.0,596.0,2.0,490.7159458657109,211.6479326122521,503.7518402388073,380.1299773545334,1.4935775690357695,2.91015625
137,3.97998046875,0.0,0.0,28.0,46.0,598.0,3.0,490.72831102007973,211.64817289382742,499.74378639654793,379.5930737248801,1.5171666517552453,2.919921875
138,4.010009765625,0.0,0.0,26.0,46.0,597.0,1.0,490.70231199977223,211.6109735370518,499.75542732704855,379.471373785494,1.5169161204525565,2.9150390625
139,4.030029296875,0.0,0.0,28.0,45.0,597.0,1.0,490.70231199977223,211.6109735370518,499.75542732704855,379.471373785494,1.5169161204525565,2.9150390625
140,4.06005859375,0.0,0.0,26.0,46.0,600.0,3.0,490.7457028692089,211.5449642417676,500.33291342282143,379.8283000043625,1.5138871955121516,2.9296875
141,4.0899658203125,0.0,0.0,28.0,46.0,601.0,1.0,490.7282689613367,211.49083017169784,501.67502241411853,379.86906188823184,1.5058748131961606,2.9345703125
142,4.1099853515625,0.0,0.0,26.0,46.0,597.0,3.0,490.70231199977223,211.6109735370518,502.7844856043953,380.10937935031984,1.4992138691056327,2.9150390625
143,4.1400146484375,0.0,0.0,28.0,46.0,600.0,2.0,490.70231199977223,211.6109735370518,502.7844856043953,380.10937935031984,1.4992138691056327,2.9296875
144,4.1600341796875,0.0,0.0,27.0,46.0,600.0,2.0,490.7457028692089,211.5449642417676,503.3746812396127,380.0769654361369,1.4960009219231178,2.9296875
145,4.1900634765625,0.0,0.0,27.0,46.0,598.0,2.0,490.6984947971779,211.60972160086087,502.7969346687836,380.1597102666382,1.4991396883426835,2.919921875
146,4.219970703125,0.0,0.0,25.0,46.0,600.0,0.0,490.7636415409016,211.56193416799692,501.89904039514084,379.80167055267333,1.50470503936904,2.9296875
147,4.239990234375,0.0,0.0,25.0,46.0,600.0,2.0,490.7674288896314,211.4986015713803,500.5658793213065,379.69788446457403,1.5126070847169137,2.9296875
148,4.27001953125,0.0,0.0,28.0,46.0,600.0,4.0,490.7674288896314,211.4986015713803,500.5658793213065,379.69788446457403,1.5126070847169137,2.9296875
149,4.2900390625,0.0,0.0,24.0,46.0,602.0,1.0,490.84459224711486,211.5259107360902,499.69884335297456,379.48650158898454,1.518128836667547,2.939453125
150,4.320068359375,0.0,0.0,28.0,46.0,602.0,2.0,490.84459224711486,211.5259107360902,499.69884335297456,379.48650158898454,1.518128836667547,2.939453125
151,4.3499755859375,0.0,0.0,26.0,47.0,602.0,3.0,490.76889505779906,211.68796800005475,499.82580493918994,379.4747079009422,1.516869962528685,2.939453125
152,4.3699951171875,0.0,0.0,28.0,47.0,600.0,2.0,490.68309636127714,211.6800044204378,501.07702583018664,379.75431475560464,1.509033706531714,2.9296875
153,4.4000244140625,0.0,0.0,26.0,46.0,601.0,0.0,490.68309636127714,211.6800044204378,501.07702583018664,379.75431475560464,1.509033706531714,2.9345703125
154,4.4200439453125,0.0,0.0,27.0,46.0,600.0,3.0,490.7608329550543,211.74553791122514,502.1719084132651,379.73301088012244,1.5029723838878397,2.9296875
155,4.4500732421875,0.0,0.0,28.0,46.0,603.0,2.0,490.7918294031922,211.60152516432922,502.43904828942095,379.8299968564064,1.5016721047985329,2.9443359375
156,4.47998046875,0.0,0.0,26.0,46.0,600.0,1.0,490.8404223436911,211.5895969216727,502.3479224523949,379.672760679847,1.502439860114966,2.9296875
157,4.5,0.0,0.0,29.0,46.0,602.0,1.0,490.8404223436911,211.5895969216727,502.3479224523949,379.672760679847,1.502439860114966,2.939453125
158,4.530029296875,0.0,0.0,25.0,46.0,603.0,4.0,490.6649820744328,211.76704449526815,501.76101277270726,379.7840346748235,1.504850964666978,2.9443359375
159,4.550048828125,0.0,0.0,28.0,46.0,603.0,3.0,490.79083265439425,211.64167597160628,500.6531247932349,379.67767162669975,1.5121720347555094,2.9443359375
160,4.5799560546875,0.0,0.0,26.0,46.0,601.0,4.0,490.7738859118669,211.58456158473163,499.80319535437656,379.4595610237342,1.5170621941401223,2.9345703125
161,4.6099853515625,0.0,0.0,26.0,48.0,601.0,1.0,490.7918294031922,211.60152516432922,499.78060289524615,379.44379439225713,1.5172925541904771,2.9345703125
162,4.6300048828125,0.0,0.0,27.0,46.0,602.0,1.0,490.7918294031922,211.60152516432922,499.78060289524615,379.44379439225713,1.5172925541904771,2.939453125
163,4.6600341796875,0.0,0.0,27.0,46.0,602.0,2.0,490.7738859118669,211.58456158473163,499.80319535437656,379.4595610237342,1.5170621941401223,2.939453125
164,4.6800537109375,0.0,0.0,28.0,46.0,605.0,2.0,490.61226169850636,211.590916810751,500.666685831462,379.7320911865533,1.511069934346083,2.9541015625
165,4.7099609375,0.0,0.0,25.0,46.0,602.0,1.0,490.72666134207566,211.64929004560355,501.73508377143594,379.7918739269433,1.5054188739412433,2.939453125
166,4.739990234375,0.0,0.0,28.0,46.0,603.0,1.0,490.82796951336115,211.47046334314544,502.21922225736444,379.70405879276944,1.503188595475111,2.9443359375
167,4.760009765625,0.0,0.0,25.0,46.0,600.0,1.0,490.82796951336115,211.47046334314544,502.21922225736444,379.70405879276944,1.503188595475111,2.9296875
168,4.7900390625,0.0,0.0,27.0,46.0,602.0,4.0,490.7559561675113,211.63572765363375,502.27890237543477,379.6890878156669,1.502336292755485,2.939453125
169,4.81005859375,0.0,0.0,26.0,45.0,601.0,3.0,490.6597258847858,211.62130375010085,501.775850648247,379.78502508180725,1.5047893666325998,2.9345703125
170,4.8399658203125,0.0,0.0,26.0,47.0,603.0,0.0,490.68049190415036,211.6231147055248,500.7887527611571,379.72324507437173,1.5107362679348029,2.9443359375
171,4.8699951171875,0.0,0.0,26.0,46.0,603.0,1.0,490.68049190415036,211.6231147055248,500.7887527611571,379.72324507437173,1.5107362679348029,2.9443359375
172,4.8900146484375,0.0,0.0,26.0,46.0,602.0,4.0,490.6991685435272,211.69158935931284,499.8027562236155,379.50347833702835,1.5166006850624771,2.939453125
173,4.9200439453125,0.0,0.0,28.0,45.0,603.0,0.0,490.68049190415036,211.6231147055248,499.7566371255714,379.5062604890991,1.5167866268956323,2.9443359375
174,4.9400634765625,0.0,0.0,25.0,46.0,603.0,0.0,490.70248712822695,211.64508118604078,499.77922946940635,379.52203204496567,1.5167810912037254,2.9443359375
175,4.969970703125,0.0,0.0,27.0,46.0,603.0,1.0,490.70248712822695,211.64508118604078,499.77922946940635,379.52203204496567,1.5167810912037254,2.9443359375
176,5.0,0.0,0.0,25.0,46.0,602.0,4.0,490.68049190415036,211.6231147055248,500.3856828239965,379.5844952383109,1.5130782295006315,2.939453125
177,5.02001953125,0.0,0.0,27.0,46.0,603.0,2.0,490.6625868983687,211.67429068257408,501.13266062676036,379.8279125314415,1.5086116741617361,2.9443359375
178,5.050048828125,0.0,0.0,27.0,46.0,602.0,3.0,490.6625868983687,211.67429068257408,501.13266062676036,379.8279125314415,1.5086116741617361,2.939453125
179,5.070068359375,0.0,0.0,27.0,45.0,602.0,2.0,490.6625868983687,211.67429068257408,501.13266062676036,379.8279125314415,1.5086116741617361,2.939453125
180,5.0999755859375,0.0,0.0,28.0,46.0,602.0,2.0,490.6597258847858,211.62130375010085,501.82619656275705,379.7882272006441,1.5044925475601219,2.939453125
181,5.1300048828125,0.0,0.0,24.0,46.0,603.0,1.0,490.6625868983687,211.67429068257408,501.68804521540056,379.7944575149224,1.5053092830368515,2.9443359375
182,5.1500244140625,0.0,0.0,28.0,45.0,602.0,2.0,490.6625868983687,211.67429068257408,501.68804521540056,379.7944575149224,1.5053092830368515,2.939453125
183,5.1800537109375,0.0,0.0,25.0,47.0,603.0,2.0,490.6762909415403,211.69061359713282,500.26353331088023,379.495591098986,1.5137251283558593,2.9443359375
184,5.2000732421875,0.0,0.0,28.0,46.0,603.0,0.0,490.6762909415403,211.69061359713282,500.26353331088023,379.495591098986,1.5137251283558593,2.9443359375
185,5.22998046875,0.0,0.0,26.0,46.0,601.0,2.0,490.6984399322986,211.64008716282095,499.7821659406237,379.4141577866065,1.5167065292768895,2.9345703125
186,5.260009765625,0.0,0.0,27.0,46.0,603.0,2.0,490.6631382128175,211.72630400406078,499.7821659406237,379.4141577866065,1.5164688711273357,2.9443359375
187,5.280029296875,0.0,0.0,27.0,46.0,603.0,4.0,490.6625868983687,211.67429068257408,500.32917269663926,379.3874552918081,1.5132224167711836,2.9443359375
188,5.31005859375,0.0,0.0,25.0,46.0,604.0,2.0,490.5492330565608,211.58995242172062,500.9234632258015,379.76994390715817,1.509189105868315,2.94921875
189,5.3299560546875,0.0,0.0,27.0,46.0,603.0,1.0,490.5492330565608,211.58995242172062,500.9234632258015,379.76994390715817,1.509189105868315,2.9443359375
190,5.3599853515625,0.0,0.0,26.0,46.0,602.0,3.0,490.5492330565608,211.58995242172062,500.9234632258015,379.76994390715817,1.509189105868315,2.939453125
191,5.3900146484375,0.0,0.0,28.0,46.0,600.0,3.0,490.77389149304724,211.66391617349186,501.7941501306801,379.9035079021622,1.5053864106636945,2.9296875
192,5.4100341796875,0.0,0.0,26.0,46.0,601.0,2.0,490.77389149304724,211.66391617349186,501.7941501306801,379.9035079021622,1.5053864106636945,2.9345703125
193,5.4400634765625,0.0,0.0,28.0,46.0,603.0,3.0,490.80455013961245,211.63489989442473,500.9412937627285,379.8883943928512,1.5106222073573852,2.9443359375
194,5.4599609375,0.0,0.0,26.0,46.0,606.0,2.0,490.80455013961245,211.63489989442473,500.9412937627285,379.8883943928512,1.5106222073573852,2.958984375
195,5.489990234375,0.0,0.0,27.0,46.0,603.0,3.0,490.70911333287376,211.76393024221082,500.3371660178119,379.6151955251153,1.5134984927344677,2.9443359375
196,5.52001953125,0.0,0.0,28.0,46.0,600.0,3.0,490.75655212181624,211.54159747971318,500.041927422713,379.4609651602392,1.5155559531779783,2.9296875
197,5.5400390625,0.0,0.0,26.0,46.0,603.0,4.0,490.75655212181624,211.54159747971318,500.041927422713,379.4609651602392,1.5155559531779783,2.9443359375
198,5.570068359375,0.0,0.0,29.0,46.0,602.0,2.0,490.7380108563223,211.69813926654797,499.8825343005574,379.44688497835097,1.5163370145017723,2.939453125
199,5.5899658203125,0.0,0.0,27.0,46.0,603.0,3.0,490.66086031402705,211.7734663481496,500.3135430915892,379.5673366690185,1.5133326316792055,2.9443359375
200,5.6199951171875,0.0,0.0,30.0,46.0,602.0,3.0,490.69047333486725,211.76356542449878,500.8661344959495,379.8207665425215,1.510321362400155,2.939453125
201,5.6500244140625,0.0,0.0,26.0,45.0,603.0,2.0,490.71252857593413,211.7129611184342,501.211087178128,379.8110887660117,1.5084224008483114,2.9443359375
202,5.6700439453125,0.0,0.0,28.0,46.0,604.0,3.0,490.71252857593413,211.7129611184342,501.211087178128,379.8110887660117,1.5084224008483114,2.94921875
203,5.7000732421875,0.0,0.0,26.0,47.0,603.0,2.0,490.71252857593413,211.7129611184342,501.211087178128,379.8110887660117,1.5084224008483114,2.9443359375
204,5.719970703125,0.0,0.0,26.0,46.0,602.0,2.0,490.69673156802185,211.83288456694558,501.24876761626894,379.89412237396544,1.5080917861651166,2.939453125
205,5.75,0.0,0.0,28.0,46.0,602.0,1.0,490.6651345674463,211.67360475760765,500.9374573380908,379.83172783497315,1.5097848601831207,2.939453125
206,5.780029296875,0.0,0.0,26.0,46.0,605.0,2.0,490.6651345674463,211.67360475760765,500.9374573380908,379.83172783497315,1.5097848601831207,2.9541015625
207,5.800048828125,0.0,0.0,30.0,46.0,603.0,4.0,490.73849777563885,211.59278615039787,500.42881793318753,379.68878929083655,1.5132125239937793,2.9443359375
208,5.8299560546875,0.0,0.0,26.0,46.0,604.0,2.0,490.76046422449696,211.5455093323543,500.0977712079199,379.51751413096474,1.515265007051956,2.94921875
209,5.8499755859375,0.0,0.0,28.0,46.0,602.0,2.0,490.6591312230946,211.6080876881229,500.0070969194262,379.3665827283345,1.5151311370516574,2.939453125
210,5.8800048828125,0.0,0.0,25.0,46.0,603.0,1.0,490.7038557859163,211.59121583835093,500.1637794830417,379.4857146041459,1.5145113859905919,2.9443359375
211,5.9100341796875,0.0,0.0,27.0,45.0,603.0,2.0,490.637861806996,211.54911583785758,500.46138410047325,379.6685283901378,1.5124308773992785,2.9443359375
212,5.9300537109375,0.0,0.0,27.0,46.0,602.0,2.0,490.637861806996,211.54911583785758,500.46138410047325,379.6685283901378,1.5124308773992785,2.939453125
213,5.9599609375,0.0,0.0,26.0,46.0,604.0,2.0,490.65528877473383,211.60324087684683,500.80501328600553,379.7079466019943,1.5104921371913953,2.94921875
214,5.97998046875,0.0,0.0,28.0,46.0,604.0,2.0,490.65528877473383,211.60324087684683,501.12933353114465,379.80124438745213,1.5086045222180833,2.94921875
215,6.010009765625,0.0,0.0,26.0,46.0,602.0,4.0,490.63736966624685,211.654410503217,501.07141574253995,379.79794047819314,1.508821393988521,2.939453125
216,6.0400390625,0.0,0.0,28.0,45.0,601.0,1.0,490.63736966624685,211.654410503217,501.07141574253995,379.79794047819314,1.508821393988521,2.9345703125
217,6.06005859375,0.0,0.0,26.0,46.0,602.0,4.0,490.6927799328028,211.65596200084417,500.8195890400333,379.70345726389417,1.5106075250080435,2.939453125
218,6.0899658203125,0.0,0.0,27.0,46.0,602.0,3.0,490.6927799328028,211.65596200084417,500.8195890400333,379.70345726389417,1.5106075250080435,2.939453125
219,6.1099853515625,0.0,0.0,26.0,46.0,603.0,2.0,490.6561127542454,211.56644459709236,500.19619972327797,379.4392359938001,1.5140281237162874,2.9443359375
220,6.1400146484375,0.0,0.0,27.0,46.0,603.0,1.0,490.6561127542454,211.56644459709236,500.19619972327797,379.4392359938001,1.5140281237162874,2.9443359375
221,6.1700439453125,0.0,0.0,27.0,45.0,600.0,2.0,490.6554673060653,211.67134360211548,499.9468234339251,379.34871504091547,1.5154408317610792,2.9296875
222,6.1900634765625,0.0,0.0,25.0,46.0,601.0,1.0,490.67473712532717,211.56681184422334,500.14510852279943,379.2713334933105,1.5143856602847283,2.9345703125
223,6.219970703125,0.0,0.0,28.0,46.0,603.0,3.0,490.65528877473383,211.60324087684683,500.3218453834557,379.5063907394185,1.5132875922743212,2.9443359375
224,6.239990234375,0.0,0.0,25.0,46.0,604.0,2.0,490.6705839118336,211.5674384716358,500.8011010948437,379.6513238915515,1.510598543397506,2.94921875
225,6.27001953125,0.0,0.0,28.0,46.0,602.0,1.0,490.6705839118336,211.5674384716358,500.8011010948437,379.6513238915515,1.510598543397506,2.939453125
226,6.300048828125,0.0,0.0,25.0,46.0,601.0,1.0,490.60667802559726,211.8411824909148,500.89341281847896,379.8242433784093,1.5096359610688186,2.9345703125
227,6.320068359375,0.0,0.0,27.0,46.0,602.0,2.0,490.60667802559726,211.8411824909148,500.89341281847896,379.8242433784093,1.5096359610688186,2.939453125
228,6.3499755859375,0.0,0.0,26.0,46.0,603.0,0.0,490.67403052018653,211.51533043241773,500.80501328600553,379.7079466019943,1.510634607195296,2.9443359375
229,6.3699951171875,0.0,0.0,26.0,46.0,601.0,2.0,490.7966024023022,211.56896663351736,500.7171355473202,379.76493805134584,1.5118825911331342,2.9345703125
230,6.4000244140625,0.0,0.0,28.0,46.0,604.0,3.0,490.7966024023022,211.56896663351736,500.7171355473202,379.76493805134584,1.5118825911331342,2.94921875
231,6.4300537109375,0.0,0.0,25.0,45.0,603.0,2.0,490.7966024023022,211.56896663351736,500.7171355473202,379.76493805134584,1.5118825911331342,2.9443359375
232,6.4500732421875,0.0,0.0,28.0,46.0,603.0,1.0,490.73937167995996,211.54402048143712,500.2686983339288,379.5529784055636,1.5141378745510492,2.9443359375
233,6.47998046875,0.0,0.0,24.0,46.0,601.0,1.0,490.77884236888315,211.62015196056515,500.2686983339288,379.5529784055636,1.514346530982555,2.9345703125
234,6.5,0.0,0.0,27.0,46.0,604.0,3.0,490.77884236888315,211.62015196056515,500.2686983339288,379.5529784055636,1.514346530982555,2.94921875
235,6.530029296875,0.0,0.0,26.0,46.0,602.0,2.0,490.72737708071617,211.59580348435384,500.4094197611642,379.59756039802846,1.5132293987927945,2.939453125
236,6.56005859375,0.0,0.0,27.0,48.0,602.0,2.0,490.75187185971566,211.7016609565738,500.7171355473202,379.76493805134584,1.5115709588206168,2.939453125
237,6.5799560546875,0.0,0.0,27.0,46.0,604.0,2.0,490.75187185971566,211.7016609565738,500.7171355473202,379.76493805134584,1.5115709588206168,2.94921875
238,6.6099853515625,0.0,0.0,25.0,46.0,604.0,2.0,490.69546057944194,211.71535014652906,500.9660344576792,379.77647739826836,1.5097601026075682,2.94921875
239,6.6300048828125,0.0,0.0,28.0,46.0,602.0,1.0,490.69546057944194,211.71535014652906,500.9660344576792,379.77647739826836,1.5097601026075682,2.939453125
240,6.6600341796875,0.0,0.0,24.0,46.0,601.0,2.0,490.7574187630748,211.49283017185078,500.90145268975505,379.7776407062761,1.510590213631554,2.9345703125
241,6.6900634765625,0.0,0.0,27.0,46.0,602.0,1.0,490.6795614698259,211.55908181104832,500.8448962904773,379.7707486997031,1.5104379257309124,2.939453125
242,6.7099609375,0.0,0.0,25.0,47.0,602.0,0.0,490.7574187630748,211.49283017185078,500.38390667340923,379.6119174505689,1.5135988489509233,2.939453125
243,6.739990234375,0.0,0.0,27.0,46.0,602.0,1.0,490.7574187630748,211.49283017185078,500.38390667340923,379.6119174505689,1.5135988489509233,2.939453125
244,6.77001953125,0.0,0.0,26.0,46.0,603.0,4.0,490.7574187630748,211.49283017185078,500.38390667340923,379.6119174505689,1.5135988489509233,2.9443359375
245,6.7900390625,0.0,0.0,26.0,46.0,604.0,1.0,490.7721365462373,211.5623510751191,500.3602593237939,379.56403134380145,1.513786581280411,2.94921875
246,6.820068359375,0.0,0.0,27.0,46.0,605.0,1.0,490.75683462718456,211.59817657491294,500.38390667340923,379.6119174505689,1.5135595984270866,2.9541015625
247,6.8399658203125,0.0,0.0,26.0,46.0,601.0,3.0,490.75805837304955,211.5443869732027,500.7171355473202,379.76493805134584,1.5116628486993624,2.9345703125
248,6.8699951171875,0.0,0.0,29.0,46.0,602.0,0.0,490.75805837304955,211.5443869732027,500.7171355473202,379.76493805134584,1.5116628486993624,2.939453125
249,6.8900146484375,0.0,0.0,25.0,46.0,603.0,1.0,490.7412338285186,211.68172328545992,500.8853570241956,379.7004309776641,1.5104945624737929,2.9443359375
250,6.9200439453125,0.0,0.0,28.0,46.0,601.0,3.0,490.6456709215469,211.81145276040695,500.88928500235465,379.75706308681237,1.50987815517037,2.9345703125
251,6.9500732421875,0.0,0.0,26.0,46.0,601.0,1.0,490.6923294054114,211.62534930082685,500.83751927994757,379.58894196027944,1.5104684956310526,2.9345703125
252,6.969970703125,0.0,0.0,26.0,46.0,603.0,1.0,490.6923294054114,211.62534930082685,500.83751927994757,379.58894196027944,1.5104684956310526,2.9443359375
253,7.0,0.0,0.0,26.0,46.0,602.0,2.0,490.6744306358086,211.6765250093298,500.62148336534574,379.6147852028015,1.5116350319271257,2.939453125
254,7.02001953125,0.0,0.0,26.0,45.0,600.0,2.0,490.7151080167933,211.54148954438043,500.45847435809645,379.57742616774215,1.512877353965635,2.9296875
255,7.050048828125,0.0,0.0,28.0,46.0,602.0,2.0,490.6929126525971,211.5200509102291,500.28056656486024,379.4883533020353,1.5137780594335133,2.939453125
256,7.0799560546875,0.0,0.0,25.0,48.0,603.0,1.0,490.6929126525971,211.5200509102291,500.28056656486024,379.4883533020353,1.5137780594335133,2.9443359375
257,7.0999755859375,0.0,0.0,28.0,46.0,602.0,4.0,490.6929126525971,211.5200509102291,500.28056656486024,379.4883533020353,1.5137780594335133,2.939453125
258,7.1300048828125,0.0,0.0,26.0,46.0,603.0,2.0,490.6923294054114,211.62534930082685,500.304175231672,379.53619492042094,1.5136149842985285,2.9443359375
259,7.1500244140625,0.0,0.0,28.0,46.0,605.0,2.0,490.6310427664996,211.7424584156245,500.45541628224544,379.62394309813504,1.5123432947690154,2.9541015625
260,7.1800537109375,0.0,0.0,27.0,46.0,605.0,2.0,490.68439832504487,211.68199383124033,500.7646406877435,379.68652799843426,1.5108683477453788,2.9541015625
261,7.2099609375,0.0,0.0,26.0,46.0,604.0,0.0,490.6929126525971,211.5200509102291,500.700101453084,379.6959363719646,1.5113621054318331,2.94921875
262,7.22998046875,0.0,0.0,27.0,46.0,604.0,2.0,490.6929126525971,211.5200509102291,500.700101453084,379.6959363719646,1.5113621054318331,2.94921875
263,7.260009765625,0.0,0.0,26.0,46.0,602.0,3.0,490.6923294054114,211.62534930082685,500.8853570241956,379.7004309776641,1.510224832709854,2.939453125
264,7.280029296875,0.0,0.0,28.0,46.0,603.0,2.0,490.75860315790936,211.67056135529668,500.6368624173494,379.6889853647932,1.5120712126344078,2.9443359375
265,7.31005859375,0.0,0.0,26.0,46.0,602.0,3.0,490.7148433179685,211.47277763704687,500.40619614468756,379.555509912182,1.5132018640865526,2.939453125
266,7.3399658203125,0.0,0.0,29.0,46.0,604.0,3.0,490.7148433179685,211.47277763704687,500.40619614468756,379.555509912182,1.5132018640865526,2.94921875
267,7.3599853515625,0.0,0.0,26.0,46.0,604.0,1.0,490.6923294054114,211.62534930082685,500.3634935149245,379.549975647935,1.5132675838245777,2.94921875
268,7.3900146484375,0.0,0.0,28.0,46.0,602.0,1.0,490.6489808715005,211.69133494290173,500.2898868214018,379.37754341469076,1.5133658184013652,2.939453125
269,7.4100341796875,0.0,0.0,26.0,46.0,605.0,2.0,490.80214717512035,211.5273290199959,500.336583587303,379.3935180826679,1.514059448536481,2.9541015625
270,7.4400634765625,0.0,0.0,26.0,46.0,602.0,4.0,490.77867329133693,211.5603364762925,500.43786787835154,379.44884465515366,1.5133262938245324,2.939453125
271,7.469970703125,0.0,0.0,28.0,46.0,601.0,2.0,490.77867329133693,211.5603364762925,500.43786787835154,379.44884465515366,1.5133262938245324,2.9345703125
272,7.489990234375,0.0,0.0,26.0,46.0,602.0,0.0,490.7175789775094,211.72940009399468,500.69675757490455,379.5873971207582,1.511416094011088,2.939453125
273,7.52001953125,0.0,0.0,29.0,46.0,602.0,1.0,490.77867329133693,211.5603364762925,500.8250702847669,379.57668804901283,1.5110732735464258,2.939453125
274,7.5400390625,0.0,0.0,26.0,45.0,605.0,4.0,490.7612519946416,211.50621743093768,500.8250702847669,379.57668804901283,1.5109891737877867,2.9541015625
275,7.570068359375,0.0,0.0,29.0,46.0,602.0,1.0,490.8012943005552,211.40778160683317,500.60441019911576,379.61619418472753,1.5125825934889843,2.939453125
276,7.5999755859375,0.0,0.0,25.0,47.0,603.0,1.0,490.8012943005552,211.40778160683317,500.60441019911576,379.61619418472753,1.5125825934889843,2.9443359375
277,7.6199951171875,0.0,0.0,27.0,46.0,603.0,2.0,490.77931799839894,211.45505534968436,500.3965676176415,379.3165867869417,1.513566135530995,2.9443359375
278,7.6500244140625,0.0,0.0,27.0,46.0,602.0,2.0,490.7788327759549,211.62843800014147,500.32611774954813,379.4134145302705,1.5139557145398586,2.939453125
279,7.6700439453125,0.0,0.0,26.0,46.0,604.0,2.0,490.7977720617567,211.4605567666034,500.28641094560186,379.2691702832554,1.5143120649930433,2.94921875
280,7.7000732421875,0.0,0.0,27.0,46.0,604.0,3.0,490.7977720617567,211.4605567666034,500.28641094560186,379.2691702832554,1.5143120649930433,2.94921875
281,7.72998046875,0.0,0.0,25.0,46.0,601.0,3.0,490.73143267125823,211.62507599860677,500.3025660375255,379.3653528748328,1.5137988859169431,2.9345703125
282,7.75,0.0,0.0,29.0,46.0,604.0,2.0,490.7977720617567,211.4605567666034,500.32611774954813,379.4134145302705,1.5141248117899306,2.94921875
283,7.780029296875,0.0,0.0,25.0,46.0,602.0,2.0,490.7172678180473,211.67744934926802,500.4869187764237,379.51742433550197,1.5126538042131374,2.939453125
284,7.800048828125,0.0,0.0,28.0,48.0,602.0,2.0,490.7172678180473,211.67744934926802,500.4869187764237,379.51742433550197,1.5126538042131374,2.939453125
285,7.8299560546875,0.0,0.0,27.0,46.0,601.0,2.0,490.80065529770366,211.58229389387424,500.56540779538824,379.54411445354526,1.5127249538525034,2.9345703125
286,7.8599853515625,0.0,0.0,27.0,47.0,603.0,1.0,490.80151943063277,211.47648201053022,500.6708679583272,379.4037504681799,1.5120922885455446,2.9443359375
287,7.8800048828125,0.0,0.0,26.0,45.0,604.0,2.0,490.80151943063277,211.47648201053022,500.6708679583272,379.4037504681799,1.5120922885455446,2.94921875
288,7.9100341796875,0.0,0.0,24.0,46.0,604.0,1.0,490.73143267125823,211.62507599860677,500.4579345253493,379.5445393407643,1.5129373653273397,2.94921875
289,7.9300537109375,0.0,0.0,28.0,46.0,602.0,1.0,490.7492153619843,211.50866560036255,500.45320894482904,379.4743415665268,1.5130868070111267,2.939453125
290,7.9599609375,0.0,0.0,25.0,46.0,601.0,4.0,490.7492153619843,211.50866560036255,500.45320894482904,379.4743415665268,1.5130868070111267,2.9345703125
291,7.989990234375,0.0,0.0,28.0,47.0,605.0,2.0,490.7488745458835,211.68210360746454,500.4433147915483,379.58447307842715,1.5131218052466175,2.9541015625
292,8.010009765625,0.0,0.0,25.0,46.0,603.0,2.0,490.7531870922861,211.67087938093061,500.3941497499141,379.5509487997604,1.513431654619871,2.9443359375
293,8.0400390625,0.0,0.0,28.0,46.0,600.0,3.0,490.7937531565225,211.5998350547467,500.42740320723243,379.48921350881415,1.513478241424049,2.9296875
294,8.06005859375,0.0,0.0,26.0,47.0,604.0,1.0,490.7937531565225,211.5998350547467,500.42740320723243,379.48921350881415,1.513478241424049,2.94921875
295,8.0899658203125,0.0,0.0,27.0,46.0,602.0,2.0,490.7311850620174,211.55983985755063,500.51999074211926,379.61818799084824,1.5126155921478373,2.939453125
296,8.1199951171875,0.0,0.0,28.0,46.0,604.0,2.0,490.7196590367797,211.69567337791904,500.6828993379566,379.7154117278293,1.5115676480486908,2.94921875
297,8.1400146484375,0.0,0.0,25.0,46.0,603.0,3.0,490.764642316067,211.62967212004003,500.7115448918924,379.67976082770195,1.51167519934379,2.9443359375
298,8.1700439453125,0.0,0.0,27.0,46.0,602.0,1.0,490.764642316067,211.62967212004003,500.7115448918924,379.67976082770195,1.51167519934379,2.939453125
299,8.1900634765625,0.0,0.0,26.0,46.0,603.0,1.0,490.764642316067,211.62967212004003,500.7115448918924,379.67976082770195,1.51167519934379,2.9443359375
300,8.219970703125,0.0,0.0,27.0,46.0,603.0,2.0,490.7232395457499,211.696692090966,500.51999074211926,379.61818799084824,1.5125211267470138,2.9443359375
301,8.25,0.0,0.0,25.0,46.0,603.0,1.0,490.74395738403837,211.78642300459921,500.45320894482904,379.4743415665268,1.5129601788555451,2.9443359375
302,8.27001953125,0.0,0.0,28.0,46.0,603.0,4.0,490.77955631017926,211.65331738783559,500.41780765594075,379.5988313159887,1.5134700503223923,2.9443359375
303,8.300048828125,0.0,0.0,27.0,46.0,604.0,4.0,490.77955631017926,211.65331738783559,500.41780765594075,379.5988313159887,1.5134700503223923,2.94921875
304,8.320068359375,0.0,0.0,27.0,45.0,601.0,2.0,490.7486582061594,211.6139802444055,500.45320894482904,379.4743415665268,1.5130473726875826,2.9345703125
305,8.3499755859375,0.0,0.0,27.0,46.0,604.0,0.0,490.7360039481022,211.61506750192711,500.40345439852183,379.44006162321233,1.513255561209489,2.94921875
306,8.3800048828125,0.0,0.0,24.0,47.0,600.0,2.0,490.7492153619843,211.50866560036255,500.6043275271097,379.6886601532879,1.5122646612015134,2.9296875
307,8.4000244140625,0.0,0.0,28.0,46.0,602.0,3.0,490.7492153619843,211.50866560036255,500.6043275271097,379.6886601532879,1.5122646612015134,2.939453125
308,8.4300537109375,0.0,0.0,26.0,45.0,603.0,2.0,490.7666171904237,211.63095501553116,500.5723553309143,379.64013427858254,1.5124981622341853,2.9443359375
309,8.4500732421875,0.0,0.0,27.0,46.0,603.0,2.0,490.68715182941185,211.64189709902402,500.58187838210523,379.65250779298964,1.5119708127089384,2.9443359375
310,8.47998046875,0.0,0.0,26.0,46.0,601.0,2.0,490.70566466049746,211.64226051658275,500.53502041249436,379.59677065129716,1.5123390889295125,2.9345703125
311,8.510009765625,0.0,0.0,27.0,46.0,604.0,2.0,490.7050650966501,211.59072822375026,500.42736143413384,379.3756815255661,1.512916065468848,2.94921875
312,8.530029296875,0.0,0.0,26.0,45.0,603.0,3.0,490.7050650966501,211.59072822375026,500.42736143413384,379.3756815255661,1.512916065468848,2.9443359375
313,8.56005859375,0.0,0.0,25.0,46.0,604.0,1.0,490.70229071006156,211.53776145521178,500.36686866501014,379.3624612122431,1.5132725199617192,2.94921875
314,8.5799560546875,0.0,0.0,29.0,45.0,601.0,2.0,490.70229071006156,211.53776145521178,500.36686866501014,379.3624612122431,1.5132725199617192,2.9345703125
315,8.6099853515625,0.0,0.0,25.0,45.0,602.0,2.0,490.6616797712264,211.65670839399937,500.30782149552016,379.43901764482746,1.5133675376800895,2.939453125
316,8.6400146484375,0.0,0.0,29.0,46.0,603.0,0.0,490.6616797712264,211.65670839399937,500.30782149552016,379.43901764482746,1.5133675376800895,2.9443359375
317,8.6600341796875,0.0,0.0,26.0,48.0,602.0,3.0,490.7050650966501,211.59072822375026,500.33336619398295,379.42442899125086,1.513491034133419,2.939453125
318,8.6900634765625,0.0,0.0,28.0,46.0,603.0,1.0,490.68556378723383,211.76197562261842,500.4166598605974,379.4862570038916,1.5128428852162963,2.9443359375
319,8.7099609375,0.0,0.0,25.0,46.0,601.0,2.0,490.68715182941185,211.64189709902402,500.4445305273723,379.39553279339975,1.5126968563941399,2.9345703125
320,8.739990234375,0.0,0.0,27.0,46.0,601.0,2.0,490.68760983030137,211.53660680612606,500.4825259622979,379.4663855387981,1.512534885075664,2.9345703125
321,8.77001953125,0.0,0.0,27.0,46.0,605.0,2.0,490.68760983030137,211.53660680612606,500.4825259622979,379.4663855387981,1.512534885075664,2.9541015625
322,8.7900390625,0.0,0.0,24.0,45.0,603.0,2.0,490.72678444805405,211.54438415576575,500.4166598605974,379.4862570038916,1.5131624322264794,2.9443359375
323,8.820068359375,0.0,0.0,28.0,46.0,606.0,3.0,490.72678444805405,211.54438415576575,500.46875396608266,379.5079988735453,1.5128607592793675,2.958984375
324,8.8399658203125,0.0,0.0,24.0,45.0,605.0,1.0,490.58978610309913,211.7747436214878,500.4166598605974,379.4862570038916,1.5122693321828138,2.9541015625
325,8.8699951171875,0.0,0.0,28.0,46.0,606.0,3.0,490.58978610309913,211.7747436214878,500.4166598605974,379.4862570038916,1.5122693321828138,2.958984375
326,8.9000244140625,0.0,0.0,26.0,46.0,603.0,4.0,490.58978610309913,211.7747436214878,500.4166598605974,379.4862570038916,1.5122693321828138,2.9443359375
327,8.9200439453125,0.0,0.0,28.0,46.0,603.0,3.0,490.63174179369224,211.75953252425236,500.3674097793804,379.45261622625486,1.5128049556399876,2.9443359375
328,8.9500732421875,0.0,0.0,26.0,45.0,601.0,2.0,490.7411462954933,211.55910598160176,500.37756291591734,379.3412866257678,1.5134252656681495,2.9345703125
329,8.969970703125,0.0,0.0,26.0,47.0,604.0,1.0,490.86311927800676,211.6958967484377,500.50485942210923,379.69335420757943,1.5134670375632895,2.94921875
330,9.0,0.0,0.0,28.0,46.0,603.0,3.0,490.86311927800676,211.6958967484377,500.50485942210923,379.69335420757943,1.5134670375632895,2.9443359375
331,9.030029296875,0.0,0.0,26.0,46.0,600.0,2.0,490.8025008527416,211.7196898973547,500.55415841537956,379.7618718316642,1.5128303270620114,2.9296875
332,9.050048828125,0.0,0.0,28.0,46.0,602.0,1.0,490.709613031393,211.62828622388284,500.5217912410819,379.713327834778,1.512486230279098,2.939453125
333,9.0799560546875,0.0,0.0,25.0,46.0,603.0,1.0,490.8330122799035,211.5104022087638,500.5741575012309,379.7353057146946,1.5129554282798259,2.9443359375
334,9.0999755859375,0.0,0.0,28.0,45.0,603.0,2.0,490.8330122799035,211.5104022087638,500.5741575012309,379.7353057146946,1.5129554282798259,2.9443359375
335,9.1300048828125,0.0,0.0,27.0,45.0,602.0,2.0,490.8104494842005,211.66302588397429,500.4451134232101,379.67956627063506,1.5135155126203585,2.939453125
336,9.1600341796875,0.0,0.0,28.0,46.0,603.0,2.0,490.81154152797444,211.61440373590253,500.50485942210923,379.69335420757943,1.5131889184785015,2.9443359375
337,9.1800537109375,0.0,0.0,27.0,46.0,604.0,2.0,490.88118205973564,211.60438370433565,500.4215159592863,379.631420742126,1.5140786592540685,2.94921875
338,9.2099609375,0.0,0.0,26.0,46.0,604.0,2.0,490.8110454935871,211.5576860799953,500.43124321444157,379.5199990364098,1.5135829054017398,2.94921875
339,9.22998046875,0.0,0.0,29.0,46.0,601.0,0.0,490.8110454935871,211.5576860799953,500.43124321444157,379.5199990364098,1.5135829054017398,2.9345703125
340,9.260009765625,0.0,0.0,23.0,46.0,604.0,1.0,490.7925198016375,211.71421523473148,500.45504991747055,379.56941238037217,1.5132951080836772,2.94921875
341,9.2900390625,0.0,0.0,28.0,46.0,603.0,1.0,490.763623181225,211.77998825005267,500.4451134232101,379.67956627063506,1.5131977220081925,2.9443359375
342,9.31005859375,0.0,0.0,27.0,46.0,602.0,2.0,490.763623181225,211.77998825005267,500.4451134232101,379.67956627063506,1.5131977220081925,2.939453125
